Rv0678.1	1	1	S63R	Rv0678	Resistance: BEDAQUILINE,CLOFAZIMINE. PMID: 24590481
Rv0678.1	1	1	S68G	Rv0678	Resistance: BEDAQUILINE,CLOFAZIMINE. PMID: 25010492
Rv0678.1	1	1	R94Q	Rv0678	Resistance: BEDAQUILINE,CLOFAZIMINE. PMID: 25010492
Rv0678.1	1	1	E138G	Rv0678	Resistance: BEDAQUILINE,CLOFAZIMINE. PMID: 25010492
ahpC.1	1	1	P2S	ahpC	Resistance: ISONIAZID. PMID: 19209951
ahpC.1	1	1	T5I	ahpC	Resistance: ISONIAZID. PMID: 19209951
ahpC.1	1	1	F10I	ahpC	Resistance: ISONIAZID. PMID: 19209951
ahpC.1	1	1	D33N	ahpC	Resistance: ISONIAZID. PMID: 19209951
ahpC.1	1	1	D73H	ahpC	Resistance: ISONIAZID. PMID: 19209951
ahpC.1	1	1	E76K	ahpC	Resistance: ISONIAZID. PMID: 19209951
ahpC.1	1	1	L191R	ahpC	Resistance: ISONIAZID. PMID: 19209951
ahpC_promoter.1	0	1	C100T	ahpC_promoter	Resistance: ISONIAZID. PMID: 10884617
ahpC_promoter.1	0	1	G107A	ahpC_promoter	Resistance: ISONIAZID. PMID: 10884617;19209951
ahpC_promoter.1	0	1	C109T	ahpC_promoter	Resistance: ISONIAZID. PMID: 29358649
ahpC_promoter.1	0	1	G115A	ahpC_promoter	Resistance: ISONIAZID. PMID: 19209951
ahpC_promoter.1	0	1	C127T	ahpC_promoter	Resistance: ISONIAZID. PMID: 10884617;19209951
ahpC_promoter.1	0	1	C129T	ahpC_promoter	Resistance: ISONIAZID. PMID: 19209951
ahpC_promoter.1	0	1	G130T	ahpC_promoter	Resistance: ISONIAZID. PMID: 10884617
ahpC_promoter.1	0	1	T132G	ahpC_promoter	Resistance: ISONIAZID. PMID: 19209951
ahpC_promoter.1	0	1	G133A	ahpC_promoter	Resistance: ISONIAZID. PMID: 19209951,23561273;10884617
ahpC_promoter.1	0	1	G133T	ahpC_promoter	Resistance: ISONIAZID. PMID: 19209951,23561273;10884617
ahpC_promoter.1	0	1	T137A	ahpC_promoter	Resistance: ISONIAZID. PMID: 19209951
ahpC_promoter.1	0	1	C142T	ahpC_promoter	Resistance: ISONIAZID. PMID: 19209951
ahpC_promoter.1	0	1	C161T	ahpC_promoter	Resistance: ISONIAZID. PMID: 19209951
ahpC_promoter.1	0	1	G176A	ahpC_promoter	Resistance: ISONIAZID. PMID: 19209951
ahpC_promoter.1	0	1	A177G	ahpC_promoter	Resistance: ISONIAZID. PMID: 19209951
alr.1	1	1	L113R	alr	Resistance: D-CYCLOSERINE. PMID: 29358649
drrA.1	1	1	R262G	drrA	Resistance: XDR-TB. PMID: 29358649
eis_promoter.1	0	1	G66T	eis_promoter	Resistance: KANAMYCIN. PMID: 23995137
eis_promoter.1	0	1	T67G	eis_promoter	Resistance: KANAMYCIN. PMID: 23995137
eis_promoter.1	0	1	G83T	eis_promoter	Resistance: KANAMYCIN. PMID: 23995137;23288402;23705640;22461677;22479378
eis_promoter.1	0	1	C105G	eis_promoter	Resistance: KANAMYCIN. PMID: 22461677;22479378
eis_promoter.1	0	1	C106T	eis_promoter	Resistance: KANAMYCIN. PMID: 23995137;23705640;22461677;22479378
eis_promoter.1	0	1	A107G	eis_promoter	Resistance: KANAMYCIN. PMID: 23705640
eis_promoter.1	0	1	C108T	eis_promoter	Resistance: KANAMYCIN. PMID: 23995137;23705640;22461677;22479378
eis_promoter.1	0	1	G110A	eis_promoter	Resistance: KANAMYCIN. PMID: 23995137;23288402;23705640;22461677;22479378,22479378
eis_promoter.1	0	1	G110C	eis_promoter	Resistance: KANAMYCIN. PMID: 23995137;23288402;23705640;22461677;22479378,22479378
eis_promoter.1	0	1	C112A	eis_promoter	Resistance: KANAMYCIN. PMID: 23995137
embA.1	1	1	D4N	embA	Resistance: ETHAMBUTOL. PMID: 19209951
embA.1	1	1	G321S	embA	Resistance: ETHAMBUTOL. PMID: 19209951
embA.1	1	1	G350D	embA	Resistance: ETHAMBUTOL. PMID: 19209951
embA.1	1	1	A462V	embA	Resistance: ETHAMBUTOL. PMID: 19209951
embA.1	1	1	D833A	embA	Resistance: ETHAMBUTOL. PMID: 19209951
embA_promoter.1	0	1	G73C	embA_promoter	Resistance: ETHAMBUTOL. PMID: 29358649
embA_promoter.1	0	1	C100G	embA_promoter	Resistance: ETHAMBUTOL. PMID: 29358649
embA_promoter.1	0	1	C100T	embA_promoter	Resistance: ETHAMBUTOL. PMID: 19209951
embA_promoter.1	0	1	C104A	embA_promoter	Resistance: ETHAMBUTOL. PMID: 29358649
embA_promoter.1	0	1	C104T	embA_promoter	Resistance: ETHAMBUTOL. PMID: 19209951
embA_promoter.1	0	1	C105A	embA_promoter	Resistance: ETHAMBUTOL. PMID: 19209951
embA_promoter.1	0	1	C108T	embA_promoter	Resistance: ETHAMBUTOL. PMID: 29358649
embB.1	1	1	A221G	embB	Resistance: ETHAMBUTOL. PMID: 19209951
embB.1	1	1	A225S	embB	Resistance: ETHAMBUTOL. PMID: 19209951
embB.1	1	1	V227G	embB	Resistance: ETHAMBUTOL. PMID: 19209951
embB.1	1	1	L239P	embB	Resistance: ETHAMBUTOL. PMID: 19209951
embB.1	1	1	D240H	embB	Resistance: ETHAMBUTOL. PMID: 19209951
embB.1	1	1	R257W	embB	Resistance: ETHAMBUTOL. PMID: 19209951
embB.1	1	1	A271V	embB	Resistance: ETHAMBUTOL. PMID: 19209951
embB.1	1	1	S272C	embB	Resistance: ETHAMBUTOL. PMID: 19209951,19209951
embB.1	1	1	S272I	embB	Resistance: ETHAMBUTOL. PMID: 19209951,19209951
embB.1	1	1	R274P	embB	Resistance: ETHAMBUTOL. PMID: 19209951
embB.1	1	1	A281P	embB	Resistance: ETHAMBUTOL. PMID: 19209951
embB.1	1	1	V282G	embB	Resistance: ETHAMBUTOL. PMID: 19209951,19209951
embB.1	1	1	V282L	embB	Resistance: ETHAMBUTOL. PMID: 19209951,19209951
embB.1	1	1	F285L	embB	Resistance: ETHAMBUTOL. PMID: 19209951
embB.1	1	1	F287C	embB	Resistance: ETHAMBUTOL. PMID: 19209951,19209951
embB.1	1	1	F287V	embB	Resistance: ETHAMBUTOL. PMID: 19209951,19209951
embB.1	1	1	I293N	embB	Resistance: ETHAMBUTOL. PMID: 19209951
embB.1	1	1	G294S	embB	Resistance: ETHAMBUTOL. PMID: 19209951
embB.1	1	1	N296H	embB	Resistance: ETHAMBUTOL. PMID: 19209951,19209951
embB.1	1	1	N296K	embB	Resistance: ETHAMBUTOL. PMID: 19209951,19209951
embB.1	1	1	S297A	embB	Resistance: ETHAMBUTOL. PMID: 19209951,19209951
embB.1	1	1	S297L	embB	Resistance: ETHAMBUTOL. PMID: 19209951,19209951
embB.1	1	1	S298W	embB	Resistance: ETHAMBUTOL. PMID: 23561273
embB.1	1	1	D299E	embB	Resistance: ETHAMBUTOL. PMID: 19209951
embB.1	1	1	M306I	embB	Resistance: ETHAMBUTOL. PMID: 23995136;24055765;22461677;19209951,23995137;23995136;22461677;23166667;19209951,19209951,23995137;23995136;24055765;22461677;23166667;19209951
embB.1	1	1	M306L	embB	Resistance: ETHAMBUTOL. PMID: 23995136;24055765;22461677;19209951,23995137;23995136;22461677;23166667;19209951,19209951,23995137;23995136;24055765;22461677;23166667;19209951
embB.1	1	1	M306T	embB	Resistance: ETHAMBUTOL. PMID: 23995136;24055765;22461677;19209951,23995137;23995136;22461677;23166667;19209951,19209951,23995137;23995136;24055765;22461677;23166667;19209951
embB.1	1	1	M306V	embB	Resistance: ETHAMBUTOL. PMID: 23995136;24055765;22461677;19209951,23995137;23995136;22461677;23166667;19209951,19209951,23995137;23995136;24055765;22461677;23166667;19209951
embB.1	1	1	V309G	embB	Resistance: ETHAMBUTOL. PMID: 19209951
embB.1	1	1	D311G	embB	Resistance: ETHAMBUTOL. PMID: 19209951,23561273
embB.1	1	1	D311H	embB	Resistance: ETHAMBUTOL. PMID: 19209951,23561273
embB.1	1	1	H312R	embB	Resistance: ETHAMBUTOL. PMID: 19209951
embB.1	1	1	A313V	embB	Resistance: ETHAMBUTOL. PMID: 23995137;22461677
embB.1	1	1	G314A	embB	Resistance: ETHAMBUTOL. PMID: 19209951
embB.1	1	1	Y315C	embB	Resistance: ETHAMBUTOL. PMID: 22461677
embB.1	1	1	S317T	embB	Resistance: ETHAMBUTOL. PMID: 19209951
embB.1	1	1	N318H	embB	Resistance: ETHAMBUTOL. PMID: 19209951,19209951,19209951
embB.1	1	1	N318K	embB	Resistance: ETHAMBUTOL. PMID: 19209951,19209951,19209951
embB.1	1	1	N318S	embB	Resistance: ETHAMBUTOL. PMID: 19209951,19209951,19209951
embB.1	1	1	Y319C	embB	Resistance: ETHAMBUTOL. PMID: 19209951,19209951,23561273;19209951
embB.1	1	1	Y319N	embB	Resistance: ETHAMBUTOL. PMID: 19209951,19209951,23561273;19209951
embB.1	1	1	Y319S	embB	Resistance: ETHAMBUTOL. PMID: 19209951,19209951,23561273;19209951
embB.1	1	1	F320L	embB	Resistance: ETHAMBUTOL. PMID: 23561273
embB.1	1	1	D328G	embB	Resistance: ETHAMBUTOL. PMID: 19209951,23561273;19209951,23561273;19209951
embB.1	1	1	D328V	embB	Resistance: ETHAMBUTOL. PMID: 19209951,23561273;19209951,23561273;19209951
embB.1	1	1	D328Y	embB	Resistance: ETHAMBUTOL. PMID: 19209951,23561273;19209951,23561273;19209951
embB.1	1	1	F330V	embB	Resistance: ETHAMBUTOL. PMID: 19209951
embB.1	1	1	G331R	embB	Resistance: ETHAMBUTOL. PMID: 19209951
embB.1	1	1	W332L	embB	Resistance: ETHAMBUTOL. PMID: 19209951
embB.1	1	1	Y333H	embB	Resistance: ETHAMBUTOL. PMID: 19209951
embB.1	1	1	Y334H	embB	Resistance: ETHAMBUTOL. PMID: 19209951
embB.1	1	1	S347C	embB	Resistance: ETHAMBUTOL. PMID: 23561273,19209951,19209951
embB.1	1	1	S347I	embB	Resistance: ETHAMBUTOL. PMID: 23561273,19209951,19209951
embB.1	1	1	S347T	embB	Resistance: ETHAMBUTOL. PMID: 23561273,19209951,19209951
embB.1	1	1	D354A	embB	Resistance: ETHAMBUTOL. PMID: 23561273;23995137;23995136
embB.1	1	1	A356S	embB	Resistance: ETHAMBUTOL. PMID: 19209951,19209951
embB.1	1	1	A356V	embB	Resistance: ETHAMBUTOL. PMID: 19209951,19209951
embB.1	1	1	A357S	embB	Resistance: ETHAMBUTOL. PMID: 19209951,19209951
embB.1	1	1	A357V	embB	Resistance: ETHAMBUTOL. PMID: 19209951,19209951
embB.1	1	1	G358V	embB	Resistance: ETHAMBUTOL. PMID: 19209951
embB.1	1	1	L359I	embB	Resistance: ETHAMBUTOL. PMID: 19209951
embB.1	1	1	V360M	embB	Resistance: ETHAMBUTOL. PMID: 19209951
embB.1	1	1	S366P	embB	Resistance: ETHAMBUTOL. PMID: 19209951
embB.1	1	1	R367P	embB	Resistance: ETHAMBUTOL. PMID: 19209951
embB.1	1	1	E368A	embB	Resistance: ETHAMBUTOL. PMID: 19209951,19209951,19209951
embB.1	1	1	E368D	embB	Resistance: ETHAMBUTOL. PMID: 19209951,19209951,19209951
embB.1	1	1	E368Q	embB	Resistance: ETHAMBUTOL. PMID: 19209951,19209951,19209951
embB.1	1	1	V369A	embB	Resistance: ETHAMBUTOL. PMID: 19209951,19209951
embB.1	1	1	V369L	embB	Resistance: ETHAMBUTOL. PMID: 19209951,19209951
embB.1	1	1	L370R	embB	Resistance: ETHAMBUTOL. PMID: 19209951
embB.1	1	1	P371R	embB	Resistance: ETHAMBUTOL. PMID: 19209951
embB.1	1	1	G374V	embB	Resistance: ETHAMBUTOL. PMID: 19209951
embB.1	1	1	P375A	embB	Resistance: ETHAMBUTOL. PMID: 19209951
embB.1	1	1	V377G	embB	Resistance: ETHAMBUTOL. PMID: 19209951,19209951
embB.1	1	1	V377M	embB	Resistance: ETHAMBUTOL. PMID: 19209951,19209951
embB.1	1	1	E378K	embB	Resistance: ETHAMBUTOL. PMID: 19209951
embB.1	1	1	A379D	embB	Resistance: ETHAMBUTOL. PMID: 19209951,19209951
embB.1	1	1	A379T	embB	Resistance: ETHAMBUTOL. PMID: 19209951,19209951
embB.1	1	1	S380N	embB	Resistance: ETHAMBUTOL. PMID: 19209951,23561273
embB.1	1	1	S380R	embB	Resistance: ETHAMBUTOL. PMID: 19209951,23561273
embB.1	1	1	Y384N	embB	Resistance: ETHAMBUTOL. PMID: 19209951
embB.1	1	1	A388G	embB	Resistance: ETHAMBUTOL. PMID: 19209951
embB.1	1	1	W395C	embB	Resistance: ETHAMBUTOL. PMID: 19209951,19209951
embB.1	1	1	W395R	embB	Resistance: ETHAMBUTOL. PMID: 19209951,19209951
embB.1	1	1	P397Q	embB	Resistance: ETHAMBUTOL. PMID: 19209951,19209951
embB.1	1	1	P397T	embB	Resistance: ETHAMBUTOL. PMID: 19209951,19209951
embB.1	1	1	F398Y	embB	Resistance: ETHAMBUTOL. PMID: 19209951
embB.1	1	1	N399D	embB	Resistance: ETHAMBUTOL. PMID: 19209951,19209951
embB.1	1	1	N399H	embB	Resistance: ETHAMBUTOL. PMID: 19209951,19209951
embB.1	1	1	N400K	embB	Resistance: ETHAMBUTOL. PMID: 19209951
embB.1	1	1	G401S	embB	Resistance: ETHAMBUTOL. PMID: 19209951
embB.1	1	1	P404S	embB	Resistance: ETHAMBUTOL. PMID: 23561273
embB.1	1	1	E405D	embB	Resistance: ETHAMBUTOL. PMID: 23561273
embB.1	1	1	G406A	embB	Resistance: ETHAMBUTOL. PMID: 23561273;23995136;24055765;19209951,23995136;24055765;19209951,23561273;23995136;24055765;19209951,23561273;24055765;19209951
embB.1	1	1	G406C	embB	Resistance: ETHAMBUTOL. PMID: 23561273;23995136;24055765;19209951,23995136;24055765;19209951,23561273;23995136;24055765;19209951,23561273;24055765;19209951
embB.1	1	1	G406D	embB	Resistance: ETHAMBUTOL. PMID: 23561273;23995136;24055765;19209951,23995136;24055765;19209951,23561273;23995136;24055765;19209951,23561273;24055765;19209951
embB.1	1	1	G406S	embB	Resistance: ETHAMBUTOL. PMID: 23561273;23995136;24055765;19209951,23995136;24055765;19209951,23561273;23995136;24055765;19209951,23561273;24055765;19209951
embB.1	1	1	S412L	embB	Resistance: ETHAMBUTOL. PMID: 23561273
embB.1	1	1	M423I	embB	Resistance: ETHAMBUTOL. PMID: 19209951
embB.1	1	1	M423T	embB	Resistance: ETHAMBUTOL. PMID: 29358649
embB.1	1	1	P430L	embB	Resistance: ETHAMBUTOL. PMID: 19209951
embB.1	1	1	A431T	embB	Resistance: ETHAMBUTOL. PMID: 19209951
embB.1	1	1	V435G	embB	Resistance: ETHAMBUTOL. PMID: 19209951
embB.1	1	1	V436G	embB	Resistance: ETHAMBUTOL. PMID: 19209951
embB.1	1	1	T437A	embB	Resistance: ETHAMBUTOL. PMID: 19209951
embB.1	1	1	P446H	embB	Resistance: ETHAMBUTOL. PMID: 19209951
embB.1	1	1	G448V	embB	Resistance: ETHAMBUTOL. PMID: 19209951
embB.1	1	1	V452L	embB	Resistance: ETHAMBUTOL. PMID: 19209951
embB.1	1	1	G459A	embB	Resistance: ETHAMBUTOL. PMID: 19209951
embB.1	1	1	R460C	embB	Resistance: ETHAMBUTOL. PMID: 19209951,19209951
embB.1	1	1	R460L	embB	Resistance: ETHAMBUTOL. PMID: 19209951,19209951
embB.1	1	1	P461S	embB	Resistance: ETHAMBUTOL. PMID: 19209951
embB.1	1	1	R469P	embB	Resistance: ETHAMBUTOL. PMID: 19209951
embB.1	1	1	R471P	embB	Resistance: ETHAMBUTOL. PMID: 19209951
embB.1	1	1	M482I	embB	Resistance: ETHAMBUTOL. PMID: 23561273
embB.1	1	1	Q497K	embB	Resistance: ETHAMBUTOL. PMID: 23561273;19209951,23561273,23561273;23995137;23995136;24055765;19209951
embB.1	1	1	Q497P	embB	Resistance: ETHAMBUTOL. PMID: 23561273;19209951,23561273,23561273;23995137;23995136;24055765;19209951
embB.1	1	1	Q497R	embB	Resistance: ETHAMBUTOL. PMID: 23561273;19209951,23561273,23561273;23995137;23995136;24055765;19209951
embB.1	1	1	E504D	embB	Resistance: ETHAMBUTOL. PMID: 23561273;23995137
embB.1	1	1	R507K	embB	Resistance: ETHAMBUTOL. PMID: 23561273
embB.1	1	1	A659T	embB	Resistance: ETHAMBUTOL. PMID: 19209951
embB.1	1	1	G745D	embB	Resistance: ETHAMBUTOL. PMID: 19209951
embB.1	1	1	Q853P	embB	Resistance: ETHAMBUTOL. PMID: 23995136
embB.1	1	1	D959A	embB	Resistance: ETHAMBUTOL. PMID: 19209951
embB.1	1	1	M1000R	embB	Resistance: ETHAMBUTOL. PMID: 19209951
embB.1	1	1	H1002R	embB	Resistance: ETHAMBUTOL. PMID: 23995137
embB.1	1	1	D1024N	embB	Resistance: ETHAMBUTOL. PMID: 19209951
embC.1	1	1	E187E	embC	Resistance: ETHAMBUTOL. PMID: 23995136
embC.1	1	1	A244T	embC	Resistance: ETHAMBUTOL. PMID: 19209951
embC.1	1	1	A247P	embC	Resistance: ETHAMBUTOL. PMID: 19209951
embC.1	1	1	L251R	embC	Resistance: ETHAMBUTOL. PMID: 19209951
embC.1	1	1	A254G	embC	Resistance: ETHAMBUTOL. PMID: 19209951
embC.1	1	1	G272S	embC	Resistance: ETHAMBUTOL. PMID: 19209951
embC.1	1	1	H285Y	embC	Resistance: ETHAMBUTOL. PMID: 19209951
embC.1	1	1	V287F	embC	Resistance: ETHAMBUTOL. PMID: 19209951
embC.1	1	1	G288V	embC	Resistance: ETHAMBUTOL. PMID: 19209951,19209951
embC.1	1	1	G288W	embC	Resistance: ETHAMBUTOL. PMID: 19209951,19209951
embC.1	1	1	Y296H	embC	Resistance: ETHAMBUTOL. PMID: 19209951,19209951
embC.1	1	1	Y296S	embC	Resistance: ETHAMBUTOL. PMID: 19209951,19209951
embC.1	1	1	I297L	embC	Resistance: ETHAMBUTOL. PMID: 19209951,19209951
embC.1	1	1	I297T	embC	Resistance: ETHAMBUTOL. PMID: 19209951,19209951
embC.1	1	1	M300R	embC	Resistance: ETHAMBUTOL. PMID: 19209951
embC.1	1	1	R302G	embC	Resistance: ETHAMBUTOL. PMID: 19209951
embC.1	1	1	V303G	embC	Resistance: ETHAMBUTOL. PMID: 19209951
embC.1	1	1	A307T	embC	Resistance: ETHAMBUTOL. PMID: 19209951
embC.1	1	1	G308D	embC	Resistance: ETHAMBUTOL. PMID: 19209951
embC.1	1	1	Y309N	embC	Resistance: ETHAMBUTOL. PMID: 19209951
embC.1	1	1	M310K	embC	Resistance: ETHAMBUTOL. PMID: 19209951
embC.1	1	1	G325S	embC	Resistance: ETHAMBUTOL. PMID: 19209951
embC.1	1	1	W326R	embC	Resistance: ETHAMBUTOL. PMID: 19209951
embC.1	1	1	Y327N	embC	Resistance: ETHAMBUTOL. PMID: 19209951
embC.1	1	1	A779V	embC	Resistance: ETHAMBUTOL. PMID: 23995136
embR.1	1	1	V7G	embR	Resistance: ETHAMBUTOL. PMID: 19209951
embR.1	1	1	T32P	embR	Resistance: ETHAMBUTOL. PMID: 19209951
embR.1	1	1	D53H	embR	Resistance: ETHAMBUTOL. PMID: 19209951
embR.1	1	1	L172R	embR	Resistance: ETHAMBUTOL. PMID: 19209951
embR.1	1	1	A176V	embR	Resistance: ETHAMBUTOL. PMID: 19209951
embR.1	1	1	R186G	embR	Resistance: ETHAMBUTOL. PMID: 19209951
embR.1	1	1	A187V	embR	Resistance: ETHAMBUTOL. PMID: 19209951
embR.1	1	1	S188R	embR	Resistance: ETHAMBUTOL. PMID: 19209951
embR.1	1	1	E200A	embR	Resistance: ETHAMBUTOL. PMID: 19209951
embR.1	1	1	L211M	embR	Resistance: ETHAMBUTOL. PMID: 19209951
embR.1	1	1	D223E	embR	Resistance: ETHAMBUTOL. PMID: 19209951
embR.1	1	1	R230W	embR	Resistance: ETHAMBUTOL. PMID: 19209951
embR.1	1	1	G240R	embR	Resistance: ETHAMBUTOL. PMID: 19209951
embR.1	1	1	L292M	embR	Resistance: ETHAMBUTOL. PMID: 19209951
embR.1	1	1	L320V	embR	Resistance: ETHAMBUTOL. PMID: 19209951
embR.1	1	1	S326N	embR	Resistance: ETHAMBUTOL. PMID: 19209951
embR.1	1	1	V350G	embR	Resistance: ETHAMBUTOL. PMID: 19209951
embR.1	1	1	R356G	embR	Resistance: ETHAMBUTOL. PMID: 19209951
embR.1	1	1	I369T	embR	Resistance: ETHAMBUTOL. PMID: 19209951
embR.1	1	1	Q379R	embR	Resistance: ETHAMBUTOL. PMID: 19209951
ethA.1	1	1	M1R	ethA	Resistance: ETHIONAMIDE. PMID: 20974869
ethA.1	1	1	G11A	ethA	Resistance: ETHIONAMIDE. PMID: 20974869
ethA.1	1	1	H22P	ethA	Resistance: ETHIONAMIDE. PMID: 20974869
ethA.1	1	1	G43C	ethA	Resistance: ETHIONAMIDE. PMID: 19209951,10944230;14638486;19209951
ethA.1	1	1	G43S	ethA	Resistance: ETHIONAMIDE. PMID: 19209951,10944230;14638486;19209951
ethA.1	1	1	P51L	ethA	Resistance: ETHIONAMIDE. PMID: 19209951
ethA.1	1	1	D58A	ethA	Resistance: ETHIONAMIDE. PMID: 10944230;19209951
ethA.1	1	1	T61M	ethA	Resistance: ETHIONAMIDE. PMID: 20974869
ethA.1	1	1	Y84D	ethA	Resistance: ETHIONAMIDE. PMID: 10944230;19209951
ethA.1	1	1	Q165P	ethA	Resistance: ETHIONAMIDE. PMID: 20974869
ethA.1	1	1	T186K	ethA	Resistance: ETHIONAMIDE. PMID: 10944230;19209951
ethA.1	1	1	E223K	ethA	Resistance: ETHIONAMIDE. PMID: 19209951
ethA.1	1	1	T232A	ethA	Resistance: ETHIONAMIDE. PMID: 19486070
ethA.1	1	1	L272P	ethA	Resistance: ETHIONAMIDE. PMID: 20974869
ethA.1	1	1	S329L	ethA	Resistance: ETHIONAMIDE. PMID: 20974869
ethA.1	1	1	L333R	ethA	Resistance: ETHIONAMIDE. PMID: 19486070
ethA.1	1	1	I338S	ethA	Resistance: ETHIONAMIDE. PMID: 14638486;19209951
ethA.1	1	1	T342K	ethA	Resistance: ETHIONAMIDE. PMID: 10944230;19209951
ethA.1	1	1	A381P	ethA	Resistance: ETHIONAMIDE. PMID: 10944230;19209951
ethA.1	1	1	G385D	ethA	Resistance: ETHIONAMIDE. PMID: 14638486;19209951
ethA.1	1	1	Y386C	ethA	Resistance: ETHIONAMIDE. PMID: 20974869
ethA.1	1	1	T392A	ethA	Resistance: ETHIONAMIDE. PMID: 14638486;19209951
ethA.1	1	1	L397R	ethA	Resistance: ETHIONAMIDE. PMID: 19486070
ethA.1	1	1	C403G	ethA	Resistance: ETHIONAMIDE. PMID: 20974869
ethA.1	1	1	G413D	ethA	Resistance: ETHIONAMIDE. PMID: 14638486;19209951
ethA.1	1	1	Y461H	ethA	Resistance: ETHIONAMIDE. PMID: 20974869
ethA.1	1	1	R463S	ethA	Resistance: ETHIONAMIDE. PMID: 14638486;19209951
ethA_promoter.1	0	1	T10C	ethA_promoter	Resistance: ETHIONAMIDE. PMID: 29358649
ethR.1	1	1	A95T	ethR	Resistance: ETHIONAMIDE. PMID: 20974869
ethR.1	1	1	F110L	ethR	Resistance: ETHIONAMIDE. PMID: 20974869
fabG1_promoter.1	0	1	A132T	fabG1_promoter	Resistance: ISONIAZID. PMID: 19209951
fabG1_promoter.1	0	1	G157C	fabG1_promoter	Resistance: ISONIAZID. PMID: 19209951
fabG1_promoter.1	0	1	G200T	fabG1_promoter	Resistance: ISONIAZID. PMID: 10884617;19209951
fabG1_promoter.1	0	1	G207T	fabG1_promoter	Resistance: ETHIONAMIDE,ISONIAZID. PMID: 19209951;23561273;22461677
fabG1_promoter.1	0	1	A208G	fabG1_promoter	Resistance: ISONIAZID. PMID: Jin_et_al._2012;19209951
fabG1_promoter.1	0	1	C209T	fabG1_promoter	Resistance: ETHIONAMIDE,ISONIAZID. PMID: 10944230;19209951;23561273;19486070;Wang_et_al._2013;10884617;22461677;Jin_et_al._2012
fabG1_promoter.1	0	1	A213T	fabG1_promoter	Resistance: ISONIAZID. PMID: 19209951
fabG1_promoter.1	0	1	T216A	fabG1_promoter	Resistance: ISONIAZID. PMID: 10884617;22461677;Jin_et_al._2012;19209951,23561273;19486070;Jin_et_al._2012;19209951,10884617;22461677;19209951
fabG1_promoter.1	0	1	T216C	fabG1_promoter	Resistance: ISONIAZID. PMID: 10884617;22461677;Jin_et_al._2012;19209951,23561273;19486070;Jin_et_al._2012;19209951,10884617;22461677;19209951
fabG1_promoter.1	0	1	T216C	fabG1_promoter	Resistance: ETHIONAMIDE. PMID: 20974869
fabG1_promoter.1	0	1	T216G	fabG1_promoter	Resistance: ISONIAZID. PMID: 10884617;22461677;Jin_et_al._2012;19209951,23561273;19486070;Jin_et_al._2012;19209951,10884617;22461677;19209951
fabG1_promoter.1	0	1	T219A	fabG1_promoter	Resistance: ISONIAZID. PMID: 19209951
folC.1	1	1	T20P	folC	Resistance: Para-aminosalicyclic acid. PMID: Zhang_et_al._2014
folC.1	1	1	E40G	folC	Resistance: Para-aminosalicyclic acid. PMID: 24366731;Zhang_et_al._2014,Zhang_et_al._2014
folC.1	1	1	E40Q	folC	Resistance: Para-aminosalicyclic acid. PMID: 24366731;Zhang_et_al._2014,Zhang_et_al._2014
folC.1	1	1	I43A	folC	Resistance: Para-aminosalicyclic acid. PMID: 24366731;Zhang_et_al._2014,Zhang_et_al._2014,24366731;Zhang_et_al._2014
folC.1	1	1	I43S	folC	Resistance: Para-aminosalicyclic acid. PMID: 24366731;Zhang_et_al._2014,Zhang_et_al._2014,24366731;Zhang_et_al._2014
folC.1	1	1	I43T	folC	Resistance: Para-aminosalicyclic acid. PMID: 24366731;Zhang_et_al._2014,Zhang_et_al._2014,24366731;Zhang_et_al._2014
folC.1	1	1	R49P	folC	Resistance: Para-aminosalicyclic acid. PMID: 24366731;Zhang_et_al._2014,Zhang_et_al._2014
folC.1	1	1	R49W	folC	Resistance: Para-aminosalicyclic acid. PMID: 24366731;Zhang_et_al._2014,Zhang_et_al._2014
folC.1	1	1	L56V	folC	Resistance: Para-aminosalicyclic acid. PMID: Zhang_et_al._2014
folC.1	1	1	N73S	folC	Resistance: Para-aminosalicyclic acid. PMID: 24366731
folC.1	1	1	R91W	folC	Resistance: Para-aminosalicyclic acid. PMID: Zhang_et_al._2014
folC.1	1	1	S150C	folC	Resistance: Para-aminosalicyclic acid. PMID: 24366731,24366731;Zhang_et_al._2014,Zhang_et_al._2014
folC.1	1	1	S150G	folC	Resistance: Para-aminosalicyclic acid. PMID: 24366731,24366731;Zhang_et_al._2014,Zhang_et_al._2014
folC.1	1	1	S150R	folC	Resistance: Para-aminosalicyclic acid. PMID: 24366731,24366731;Zhang_et_al._2014,Zhang_et_al._2014
folC.1	1	1	F152L	folC	Resistance: Para-aminosalicyclic acid. PMID: 24366731,24366731
folC.1	1	1	F152S	folC	Resistance: Para-aminosalicyclic acid. PMID: 24366731,24366731
folC.1	1	1	E153A	folC	Resistance: Para-aminosalicyclic acid. PMID: 24366731;Zhang_et_al._2014,Zhang_et_al._2014
folC.1	1	1	E153G	folC	Resistance: Para-aminosalicyclic acid. PMID: 24366731;Zhang_et_al._2014,Zhang_et_al._2014
folC.1	1	1	A183P	folC	Resistance: Para-aminosalicyclic acid. PMID: 24366731
gidB.1	1	1	L79S	gidB	Resistance: STREPTOMYCIN. PMID: 29358649
gidB.1	1	1	A80P	gidB	Resistance: STREPTOMYCIN. PMID: 29358649
gidB.1	1	1	S149R	gidB	Resistance: STREPTOMYCIN. PMID: 29358649
gyrA.1	1	1	R68G	gyrA	Resistance: FLUOROQUINOLONE. PMID: 23561273
gyrA.1	1	1	S69T	gyrA	Resistance: FLUOROQUINOLONE. PMID: 23561273
gyrA.1	1	1	H70R	gyrA	Resistance: FLUOROQUINOLONE. PMID: 23705640;22279180
gyrA.1	1	1	A74S	gyrA	Resistance: FLUOROQUINOLONE. PMID: 24055765;23705640;22279180;19209951
gyrA.1	1	1	G88A	gyrA	Resistance: FLUOROQUINOLONE. PMID: 24055765;23705640;22279180,24055765;23705640;22279180;19209951
gyrA.1	1	1	G88C	gyrA	Resistance: FLUOROQUINOLONE. PMID: 24055765;23705640;22279180,24055765;23705640;22279180;19209951
gyrA.1	1	1	D89N	gyrA	Resistance: FLUOROQUINOLONE. PMID: 23561273;22461677;22279180;19209951
gyrA.1	1	1	A90E	gyrA	Resistance: FLUOROQUINOLONE. PMID: 22279180,23561273;23995137;24055765;23288402;23906937;23705640;22461677;22279180;23166667;19209951,23705640;22279180;19209951
gyrA.1	1	1	A90G	gyrA	Resistance: FLUOROQUINOLONE. PMID: 22279180,23561273;23995137;24055765;23288402;23906937;23705640;22461677;22279180;23166667;19209951,23705640;22279180;19209951
gyrA.1	1	1	A90V	gyrA	Resistance: FLUOROQUINOLONE. PMID: 22279180,23561273;23995137;24055765;23288402;23906937;23705640;22461677;22279180;23166667;19209951,23705640;22279180;19209951
gyrA.1	1	1	S91A	gyrA	Resistance: FLUOROQUINOLONE. PMID: 23561273;23288402;23906937;23705640;22461677;22279180;23166667;19209951,23561273;22279180
gyrA.1	1	1	S91P	gyrA	Resistance: FLUOROQUINOLONE. PMID: 23561273;23288402;23906937;23705640;22461677;22279180;23166667;19209951,23561273;22279180
gyrA.1	1	1	I92M	gyrA	Resistance: FLUOROQUINOLONE. PMID: 22279180
gyrA.1	1	1	D94A	gyrA	Resistance: FLUOROQUINOLONE. PMID: 23561273;23995137;23288402;23906937;23705640;22461677;22279180;23166667;19209951,23561273;23288402;23705640;22461677;22279180;23166667;19209951,23561273;24055765;23288402;23906937;23705640;22461677;22279180;23166667;19209951,24055765;23705640;22279180;19209951,23288402;23705640;22461677;22279180;23166667;19209951,23561273;24055765;23288402;23906937;23705640;22461677;22279180;23166667;19209951
gyrA.1	1	1	D94G	gyrA	Resistance: FLUOROQUINOLONE. PMID: 23561273;23995137;23288402;23906937;23705640;22461677;22279180;23166667;19209951,23561273;23288402;23705640;22461677;22279180;23166667;19209951,23561273;24055765;23288402;23906937;23705640;22461677;22279180;23166667;19209951,24055765;23705640;22279180;19209951,23288402;23705640;22461677;22279180;23166667;19209951,23561273;24055765;23288402;23906937;23705640;22461677;22279180;23166667;19209951
gyrA.1	1	1	D94H	gyrA	Resistance: FLUOROQUINOLONE. PMID: 23561273;23995137;23288402;23906937;23705640;22461677;22279180;23166667;19209951,23561273;23288402;23705640;22461677;22279180;23166667;19209951,23561273;24055765;23288402;23906937;23705640;22461677;22279180;23166667;19209951,24055765;23705640;22279180;19209951,23288402;23705640;22461677;22279180;23166667;19209951,23561273;24055765;23288402;23906937;23705640;22461677;22279180;23166667;19209951
gyrA.1	1	1	D94N	gyrA	Resistance: FLUOROQUINOLONE. PMID: 23561273;23995137;23288402;23906937;23705640;22461677;22279180;23166667;19209951,23561273;23288402;23705640;22461677;22279180;23166667;19209951,23561273;24055765;23288402;23906937;23705640;22461677;22279180;23166667;19209951,24055765;23705640;22279180;19209951,23288402;23705640;22461677;22279180;23166667;19209951,23561273;24055765;23288402;23906937;23705640;22461677;22279180;23166667;19209951
gyrA.1	1	1	D94V	gyrA	Resistance: FLUOROQUINOLONE. PMID: 23561273;23995137;23288402;23906937;23705640;22461677;22279180;23166667;19209951,23561273;23288402;23705640;22461677;22279180;23166667;19209951,23561273;24055765;23288402;23906937;23705640;22461677;22279180;23166667;19209951,24055765;23705640;22279180;19209951,23288402;23705640;22461677;22279180;23166667;19209951,23561273;24055765;23288402;23906937;23705640;22461677;22279180;23166667;19209951
gyrA.1	1	1	D94Y	gyrA	Resistance: FLUOROQUINOLONE. PMID: 23561273;23995137;23288402;23906937;23705640;22461677;22279180;23166667;19209951,23561273;23288402;23705640;22461677;22279180;23166667;19209951,23561273;24055765;23288402;23906937;23705640;22461677;22279180;23166667;19209951,24055765;23705640;22279180;19209951,23288402;23705640;22461677;22279180;23166667;19209951,23561273;24055765;23288402;23906937;23705640;22461677;22279180;23166667;19209951
gyrA.1	1	1	P102H	gyrA	Resistance: FLUOROQUINOLONE. PMID: 23705640;22279180;19209951
gyrA.1	1	1	L109V	gyrA	Resistance: FLUOROQUINOLONE. PMID: 22279180;19209951
gyrB.1	1	1	A90G	gyrB	Resistance: FLUOROQUINOLONE. PMID: 23995137
gyrB.1	1	1	R446C	gyrB	Resistance: FLUOROQUINOLONE. PMID: 23995137;19209951,23705640,23705640
gyrB.1	1	1	R446H	gyrB	Resistance: FLUOROQUINOLONE. PMID: 23995137;19209951,23705640,23705640
gyrB.1	1	1	R446L	gyrB	Resistance: FLUOROQUINOLONE. PMID: 23995137;19209951,23705640,23705640
gyrB.1	1	1	S447F	gyrB	Resistance: FLUOROQUINOLONE. PMID: 23705640;22279180;19209951
gyrB.1	1	1	D461A	gyrB	Resistance: FLUOROQUINOLONE. PMID: 24055765;23705640;22279180;19209951,24055765;23705640;22279180;19209951,24055765;23705640;22279180;19209951
gyrB.1	1	1	D461H	gyrB	Resistance: FLUOROQUINOLONE. PMID: 24055765;23705640;22279180;19209951,24055765;23705640;22279180;19209951,24055765;23705640;22279180;19209951
gyrB.1	1	1	D461N	gyrB	Resistance: FLUOROQUINOLONE. PMID: 24055765;23705640;22279180;19209951,24055765;23705640;22279180;19209951,24055765;23705640;22279180;19209951
gyrB.1	1	1	G470A	gyrB	Resistance: FLUOROQUINOLONE. PMID: 23705640,23705640;22279180;19209951
gyrB.1	1	1	G470C	gyrB	Resistance: FLUOROQUINOLONE. PMID: 23705640,23705640;22279180;19209951
gyrB.1	1	1	I486L	gyrB	Resistance: FLUOROQUINOLONE. PMID: 23705640
gyrB.1	1	1	D494A	gyrB	Resistance: FLUOROQUINOLONE. PMID: 23705640;19209951
gyrB.1	1	1	N499D	gyrB	Resistance: FLUOROQUINOLONE. PMID: 23705640,24055765;23705640;19209951,24055765;23705640;22279180;19209951,24055765;23705640
gyrB.1	1	1	N499K	gyrB	Resistance: FLUOROQUINOLONE. PMID: 23705640,24055765;23705640;19209951,24055765;23705640;22279180;19209951,24055765;23705640
gyrB.1	1	1	N499T	gyrB	Resistance: FLUOROQUINOLONE. PMID: 23705640,24055765;23705640;19209951,24055765;23705640;22279180;19209951,24055765;23705640
gyrB.1	1	1	N499Y	gyrB	Resistance: FLUOROQUINOLONE. PMID: 23705640,24055765;23705640;19209951,24055765;23705640;22279180;19209951,24055765;23705640
gyrB.1	1	1	T500I	gyrB	Resistance: FLUOROQUINOLONE. PMID: 24055765;23705640;22279180;19209951,24055765;23705640,23705640
gyrB.1	1	1	T500N	gyrB	Resistance: FLUOROQUINOLONE. PMID: 24055765;23705640;22279180;19209951,24055765;23705640,23705640
gyrB.1	1	1	T500P	gyrB	Resistance: FLUOROQUINOLONE. PMID: 24055765;23705640;22279180;19209951,24055765;23705640,23705640
gyrB.1	1	1	E501D	gyrB	Resistance: FLUOROQUINOLONE. PMID: 24055765;23705640;22279180;19209951,24055765;23705640;22279180
gyrB.1	1	1	E501V	gyrB	Resistance: FLUOROQUINOLONE. PMID: 24055765;23705640;22279180;19209951,24055765;23705640;22279180
gyrB.1	1	1	A504T	gyrB	Resistance: FLUOROQUINOLONE. PMID: 23705640;22279180;19209951,24055765;23705640;19209951
gyrB.1	1	1	A504V	gyrB	Resistance: FLUOROQUINOLONE. PMID: 23705640;22279180;19209951,24055765;23705640;19209951
gyrB.1	1	1	T507M	gyrB	Resistance: FLUOROQUINOLONE. PMID: 24055765
gyrB.1	1	1	Q538H	gyrB	Resistance: FLUOROQUINOLONE. PMID: 22279180;19209951
gyrB.1	1	1	V670F	gyrB	Resistance: FLUOROQUINOLONE. PMID: 23995137
idsA2_promoter.1	0	1	A117G	idsA2_promoter	Resistance: CAPREOMYCIN. PMID: 29358649
inhA.1	1	1	K8N	inhA	Resistance: ISONIAZID. PMID: 19209951
inhA.1	1	1	L11V	inhA	Resistance: ISONIAZID. PMID: 19486070
inhA.1	1	1	I16T	inhA	Resistance: ISONIAZID. PMID: 10884617;19209951
inhA.1	1	1	I21N	inhA	Resistance: ISONIAZID. PMID: 19486070;10884617;19209951,19486070,19209951
inhA.1	1	1	I21T	inhA	Resistance: ISONIAZID. PMID: 19486070;10884617;19209951,19486070,19209951
inhA.1	1	1	I21T	inhA	Resistance: ETHIONAMIDE. PMID: 10944230
inhA.1	1	1	I21V	inhA	Resistance: ISONIAZID. PMID: 19486070;10884617;19209951,19486070,19209951
inhA.1	1	1	G40W	inhA	Resistance: ISONIAZID. PMID: 19486070
inhA.1	1	1	I47T	inhA	Resistance: ISONIAZID. PMID: 10884617;19209951
inhA.1	1	1	S94A	inhA	Resistance: ISONIAZID. PMID: 19486070;23995137;24055765;10884617;19209951,19209951,19486070
inhA.1	1	1	S94A	inhA	Resistance: ETHIONAMIDE. PMID: 20974869;19209951
inhA.1	1	1	S94L	inhA	Resistance: ISONIAZID. PMID: 19486070;23995137;24055765;10884617;19209951,19209951,19486070
inhA.1	1	1	S94W	inhA	Resistance: ISONIAZID. PMID: 19486070;23995137;24055765;10884617;19209951,19209951,19486070
inhA.1	1	1	I95P	inhA	Resistance: ISONIAZID. PMID: 24731071,19209951
inhA.1	1	1	I95T	inhA	Resistance: ISONIAZID. PMID: 24731071,19209951
inhA.1	1	1	I194T	inhA	Resistance: ISONIAZID. PMID: 19209951
iniA.1	1	1	H42R	iniA	Resistance: d-cycloserine. PMID: 29358649
kasA.1	1	1	D66N	kasA	Resistance: ISONIAZID. PMID: 10884617;19209951
kasA.1	1	1	M77I	kasA	Resistance: ISONIAZID. PMID: 19209951
kasA.1	1	1	R121K	kasA	Resistance: ISONIAZID. PMID: 10884617;19209951
kasA.1	1	1	G387D	kasA	Resistance: ISONIAZID. PMID: 10884617;19209951
kasA.1	1	1	F413L	kasA	Resistance: ISONIAZID. PMID: 10884617;19209951
katG.1	1	1	V1A	katG	Resistance: ISONIAZID. PMID: 19209951,19209951
katG.1	1	1	V1L	katG	Resistance: ISONIAZID. PMID: 19209951,19209951
katG.1	1	1	P2S	katG	Resistance: ISONIAZID. PMID: 19209951
katG.1	1	1	T11A	katG	Resistance: ISONIAZID. PMID: 19209951
katG.1	1	1	T12P	katG	Resistance: ISONIAZID. PMID: 19209951
katG.1	1	1	S17N	katG	Resistance: ISONIAZID. PMID: 19209951
katG.1	1	1	G19D	katG	Resistance: ISONIAZID. PMID: 19209951
katG.1	1	1	N35D	katG	Resistance: ISONIAZID. PMID: 19209951
katG.1	1	1	L48Q	katG	Resistance: ISONIAZID. PMID: 19209951
katG.1	1	1	A61T	katG	Resistance: ISONIAZID. PMID: 19209951
katG.1	1	1	D63E	katG	Resistance: ISONIAZID. PMID: 10884617;19209951
katG.1	1	1	A65T	katG	Resistance: ISONIAZID. PMID: 19209951
katG.1	1	1	A66P	katG	Resistance: ISONIAZID. PMID: 19209951
katG.1	1	1	I71N	katG	Resistance: ISONIAZID. PMID: 19209951
katG.1	1	1	D72G	katG	Resistance: ISONIAZID. PMID: 19209951
katG.1	1	1	D74G	katG	Resistance: ISONIAZID. PMID: 19209951,19209951
katG.1	1	1	D74Y	katG	Resistance: ISONIAZID. PMID: 19209951,19209951
katG.1	1	1	M84I	katG	Resistance: ISONIAZID. PMID: 19209951
katG.1	1	1	T85P	katG	Resistance: ISONIAZID. PMID: 19209951
katG.1	1	1	Q88R	katG	Resistance: ISONIAZID. PMID: 19209951
katG.1	1	1	W91R	katG	Resistance: ISONIAZID. PMID: 19209951
katG.1	1	1	D94A	katG	Resistance: ISONIAZID. PMID: 19209951,19209951
katG.1	1	1	D94G	katG	Resistance: ISONIAZID. PMID: 19209951,19209951
katG.1	1	1	G96C	katG	Resistance: ISONIAZID. PMID: 19209951
katG.1	1	1	G99E	katG	Resistance: ISONIAZID. PMID: 19209951
katG.1	1	1	R104L	katG	Resistance: ISONIAZID. PMID: 19209951,19209951
katG.1	1	1	R104Q	katG	Resistance: ISONIAZID. PMID: 19209951,19209951
katG.1	1	1	A106V	katG	Resistance: ISONIAZID. PMID: 19209951
katG.1	1	1	W107R	katG	Resistance: ISONIAZID. PMID: 19209951,19209951
katG.1	1	1	H108D	katG	Resistance: ISONIAZID. PMID: 10884617;19209951,24731071,19209951
katG.1	1	1	H108E	katG	Resistance: ISONIAZID. PMID: 10884617;19209951,24731071,19209951
katG.1	1	1	H108Q	katG	Resistance: ISONIAZID. PMID: 10884617;19209951,24731071,19209951
katG.1	1	1	A109V	katG	Resistance: ISONIAZID. PMID: 19209951
katG.1	1	1	A110V	katG	Resistance: ISONIAZID. PMID: 19209951
katG.1	1	1	D117A	katG	Resistance: ISONIAZID. PMID: 19209951
katG.1	1	1	G121C	katG	Resistance: ISONIAZID. PMID: 19209951,19209951
katG.1	1	1	G121V	katG	Resistance: ISONIAZID. PMID: 19209951,19209951
katG.1	1	1	G125C	katG	Resistance: ISONIAZID. PMID: 19209951
katG.1	1	1	M126I	katG	Resistance: ISONIAZID. PMID: 19209951
katG.1	1	1	Q127P	katG	Resistance: ISONIAZID. PMID: 19209951
katG.1	1	1	R128P	katG	Resistance: ISONIAZID. PMID: 19209951
katG.1	1	1	N138D	katG	Resistance: ISONIAZID. PMID: 19209951,19209951,19209951,19209951
katG.1	1	1	N138H	katG	Resistance: ISONIAZID. PMID: 19209951,19209951,19209951,19209951
katG.1	1	1	N138S	katG	Resistance: ISONIAZID. PMID: 19209951,19209951,19209951,19209951
katG.1	1	1	N138T	katG	Resistance: ISONIAZID. PMID: 19209951,19209951,19209951,19209951
katG.1	1	1	A139P	katG	Resistance: ISONIAZID. PMID: 19209951
katG.1	1	1	S140G	katG	Resistance: ISONIAZID. PMID: 19209951,19209951,19209951
katG.1	1	1	S140N	katG	Resistance: ISONIAZID. PMID: 19209951,19209951,19209951
katG.1	1	1	S140R	katG	Resistance: ISONIAZID. PMID: 19209951,19209951,19209951
katG.1	1	1	L141F	katG	Resistance: ISONIAZID. PMID: 19209951
katG.1	1	1	D142A	katG	Resistance: ISONIAZID. PMID: 19209951
katG.1	1	1	K143T	katG	Resistance: ISONIAZID. PMID: 19209951
katG.1	1	1	L148R	katG	Resistance: ISONIAZID. PMID: 19209951
katG.1	1	1	Y155C	katG	Resistance: ISONIAZID. PMID: 19209951,19209951
katG.1	1	1	Y155S	katG	Resistance: ISONIAZID. PMID: 19209951,19209951
katG.1	1	1	S160L	katG	Resistance: ISONIAZID. PMID: 19209951
katG.1	1	1	A162T	katG	Resistance: ISONIAZID. PMID: 19209951
katG.1	1	1	G169A	katG	Resistance: ISONIAZID. PMID: 19209951
katG.1	1	1	A172T	katG	Resistance: ISONIAZID. PMID: 19209951,19209951
katG.1	1	1	A172V	katG	Resistance: ISONIAZID. PMID: 19209951,19209951
katG.1	1	1	M176I	katG	Resistance: ISONIAZID. PMID: 19209951
katG.1	1	1	T180K	katG	Resistance: ISONIAZID. PMID: 19209951
katG.1	1	1	G186H	katG	Resistance: ISONIAZID. PMID: 19209951,24731071
katG.1	1	1	G186V	katG	Resistance: ISONIAZID. PMID: 19209951,24731071
katG.1	1	1	W191R	katG	Resistance: ISONIAZID. PMID: 19209951
katG.1	1	1	E195K	katG	Resistance: ISONIAZID. PMID: 19209951
katG.1	1	1	N218K	katG	Resistance: ISONIAZID. PMID: 19209951
katG.1	1	1	Q224E	katG	Resistance: ISONIAZID. PMID: 19209951
katG.1	1	1	Y229F	katG	Resistance: ISONIAZID. PMID: 19209951
katG.1	1	1	V230A	katG	Resistance: ISONIAZID. PMID: 19209951
katG.1	1	1	G234E	katG	Resistance: ISONIAZID. PMID: 19209951,19209951
katG.1	1	1	G234R	katG	Resistance: ISONIAZID. PMID: 19209951,19209951
katG.1	1	1	N236T	katG	Resistance: ISONIAZID. PMID: 19209951
katG.1	1	1	N238K	katG	Resistance: ISONIAZID. PMID: 19209951
katG.1	1	1	P241P	katG	Resistance: ISONIAZID. PMID: 19209951
katG.1	1	1	A243S	katG	Resistance: ISONIAZID. PMID: 19209951
katG.1	1	1	R249C	katG	Resistance: ISONIAZID. PMID: 19209951
katG.1	1	1	T251M	katG	Resistance: ISONIAZID. PMID: 19209951
katG.1	1	1	F252L	katG	Resistance: ISONIAZID. PMID: 19209951
katG.1	1	1	M257I	katG	Resistance: ISONIAZID. PMID: 19209951,19209951
katG.1	1	1	M257T	katG	Resistance: ISONIAZID. PMID: 19209951,19209951
katG.1	1	1	N258S	katG	Resistance: ISONIAZID. PMID: 19209951
katG.1	1	1	D259E	katG	Resistance: ISONIAZID. PMID: 23561273
katG.1	1	1	E261K	katG	Resistance: ISONIAZID. PMID: 23561273
katG.1	1	1	T262R	katG	Resistance: ISONIAZID. PMID: 10884617;19209951
katG.1	1	1	A264T	katG	Resistance: ISONIAZID. PMID: 19209951
katG.1	1	1	T275A	katG	Resistance: ISONIAZID. PMID: 19209951,19209951,24055765;10884617;19209951
katG.1	1	1	T275P	katG	Resistance: ISONIAZID. PMID: 19209951,19209951,24055765;10884617;19209951
katG.1	1	1	T275S	katG	Resistance: ISONIAZID. PMID: 19209951,19209951,24055765;10884617;19209951
katG.1	1	1	G279D	katG	Resistance: ISONIAZID. PMID: 19209951
katG.1	1	1	P280H	katG	Resistance: ISONIAZID. PMID: 24731071
katG.1	1	1	A281V	katG	Resistance: ISONIAZID. PMID: 19209951
katG.1	1	1	G285D	katG	Resistance: ISONIAZID. PMID: 19209951
katG.1	1	1	E289D	katG	Resistance: ISONIAZID. PMID: 19209951
katG.1	1	1	A291P	katG	Resistance: ISONIAZID. PMID: 19209951
katG.1	1	1	Q295P	katG	Resistance: ISONIAZID. PMID: 19209951
katG.1	1	1	G297V	katG	Resistance: ISONIAZID. PMID: 19209951
katG.1	1	1	G299A	katG	Resistance: ISONIAZID. PMID: 19209951,19209951
katG.1	1	1	G299C	katG	Resistance: ISONIAZID. PMID: 19209951,19209951
katG.1	1	1	W300G	katG	Resistance: ISONIAZID. PMID: 19209951,23561273;24055765;19209951
katG.1	1	1	S302R	katG	Resistance: ISONIAZID. PMID: 19209951
katG.1	1	1	Y304S	katG	Resistance: ISONIAZID. PMID: 19209951
katG.1	1	1	G305A	katG	Resistance: ISONIAZID. PMID: 19209951
katG.1	1	1	G307A	katG	Resistance: ISONIAZID. PMID: 19209951,19209951,19209951
katG.1	1	1	G307E	katG	Resistance: ISONIAZID. PMID: 19209951,19209951,19209951
katG.1	1	1	G307R	katG	Resistance: ISONIAZID. PMID: 19209951,19209951,19209951
katG.1	1	1	T308P	katG	Resistance: ISONIAZID. PMID: 19209951
katG.1	1	1	G309C	katG	Resistance: ISONIAZID. PMID: 19209951,19209951,19209951
katG.1	1	1	G309D	katG	Resistance: ISONIAZID. PMID: 19209951,19209951,19209951
katG.1	1	1	G309S	katG	Resistance: ISONIAZID. PMID: 19209951,19209951,19209951
katG.1	1	1	D311E	katG	Resistance: ISONIAZID. PMID: 19209951,19209951,19209951
katG.1	1	1	D311G	katG	Resistance: ISONIAZID. PMID: 19209951,19209951,19209951
katG.1	1	1	D311Y	katG	Resistance: ISONIAZID. PMID: 19209951,19209951,19209951
katG.1	1	1	S315G	katG	Resistance: ISONIAZID. PMID: Wang_et_al._2013;10884617;22461677;19209951,19209951,23561273;19486070;22461677;19209951,23561273;19486070;23995137;24055765;Wang_et_al._2013;10884617;22461677;Jin_et_al._2012;19209951;24731071,23561273;19209951,24731071
katG.1	1	1	S315I	katG	Resistance: ISONIAZID. PMID: Wang_et_al._2013;10884617;22461677;19209951,19209951,23561273;19486070;22461677;19209951,23561273;19486070;23995137;24055765;Wang_et_al._2013;10884617;22461677;Jin_et_al._2012;19209951;24731071,23561273;19209951,24731071
katG.1	1	1	S315L	katG	Resistance: ISONIAZID. PMID: Wang_et_al._2013;10884617;22461677;19209951,19209951,23561273;19486070;22461677;19209951,23561273;19486070;23995137;24055765;Wang_et_al._2013;10884617;22461677;Jin_et_al._2012;19209951;24731071,23561273;19209951,24731071
katG.1	1	1	S315N	katG	Resistance: ISONIAZID. PMID: Wang_et_al._2013;10884617;22461677;19209951,19209951,23561273;19486070;22461677;19209951,23561273;19486070;23995137;24055765;Wang_et_al._2013;10884617;22461677;Jin_et_al._2012;19209951;24731071,23561273;19209951,24731071
katG.1	1	1	S315R	katG	Resistance: ISONIAZID. PMID: Wang_et_al._2013;10884617;22461677;19209951,19209951,23561273;19486070;22461677;19209951,23561273;19486070;23995137;24055765;Wang_et_al._2013;10884617;22461677;Jin_et_al._2012;19209951;24731071,23561273;19209951,24731071
katG.1	1	1	S315T	katG	Resistance: ISONIAZID. PMID: Wang_et_al._2013;10884617;22461677;19209951,19209951,23561273;19486070;22461677;19209951,23561273;19486070;23995137;24055765;Wang_et_al._2013;10884617;22461677;Jin_et_al._2012;19209951;24731071,23561273;19209951,24731071
katG.1	1	1	G316D	katG	Resistance: ISONIAZID. PMID: 19209951,19209951
katG.1	1	1	G316S	katG	Resistance: ISONIAZID. PMID: 19209951,19209951
katG.1	1	1	I317L	katG	Resistance: ISONIAZID. PMID: 23561273,19209951
katG.1	1	1	I317V	katG	Resistance: ISONIAZID. PMID: 23561273,19209951
katG.1	1	1	E318V	katG	Resistance: ISONIAZID. PMID: 24731071
katG.1	1	1	W321C	katG	Resistance: ISONIAZID. PMID: 19209951,19209951,19209951,19209951;24731071,19209951
katG.1	1	1	W321L	katG	Resistance: ISONIAZID. PMID: 19209951,19209951,19209951,19209951;24731071,19209951
katG.1	1	1	W321R	katG	Resistance: ISONIAZID. PMID: 19209951,19209951,19209951,19209951;24731071,19209951
katG.1	1	1	W321S	katG	Resistance: ISONIAZID. PMID: 19209951,19209951,19209951,19209951;24731071,19209951
katG.1	1	1	T324P	katG	Resistance: ISONIAZID. PMID: 19209951
katG.1	1	1	T326M	katG	Resistance: ISONIAZID. PMID: 23561273
katG.1	1	1	W328C	katG	Resistance: ISONIAZID. PMID: 19209951,19209951,19486070;19209951,19209951
katG.1	1	1	W328G	katG	Resistance: ISONIAZID. PMID: 19209951,19209951,19486070;19209951,19209951
katG.1	1	1	W328L	katG	Resistance: ISONIAZID. PMID: 19209951,19209951,19486070;19209951,19209951
katG.1	1	1	W328S	katG	Resistance: ISONIAZID. PMID: 19209951,19209951,19486070;19209951,19209951
katG.1	1	1	S331C	katG	Resistance: ISONIAZID. PMID: 19209951
katG.1	1	1	I335T	katG	Resistance: ISONIAZID. PMID: 19209951,23561273;19209951
katG.1	1	1	I335V	katG	Resistance: ISONIAZID. PMID: 19209951,23561273;19209951
katG.1	1	1	L336R	katG	Resistance: ISONIAZID. PMID: 19209951
katG.1	1	1	Y337C	katG	Resistance: ISONIAZID. PMID: 19209951,23561273;19209951
katG.1	1	1	Y337F	katG	Resistance: ISONIAZID. PMID: 19209951,23561273;19209951
katG.1	1	1	W341S	katG	Resistance: ISONIAZID. PMID: 19209951
katG.1	1	1	K345T	katG	Resistance: ISONIAZID. PMID: 19209951
katG.1	1	1	A350S	katG	Resistance: ISONIAZID. PMID: 10884617;19209951,19209951
katG.1	1	1	A350T	katG	Resistance: ISONIAZID. PMID: 10884617;19209951,19209951
katG.1	1	1	D357H	katG	Resistance: ISONIAZID. PMID: 19209951,19209951
katG.1	1	1	D357N	katG	Resistance: ISONIAZID. PMID: 19209951,19209951
katG.1	1	1	A361D	katG	Resistance: ISONIAZID. PMID: 19209951
katG.1	1	1	P365L	katG	Resistance: ISONIAZID. PMID: 23561273
katG.1	1	1	L378P	katG	Resistance: ISONIAZID. PMID: 19209951
katG.1	1	1	A379V	katG	Resistance: ISONIAZID. PMID: 19209951
katG.1	1	1	T380I	katG	Resistance: ISONIAZID. PMID: 23561273;19209951
katG.1	1	1	D381G	katG	Resistance: ISONIAZID. PMID: 19209951
katG.1	1	1	L384R	katG	Resistance: ISONIAZID. PMID: 19209951
katG.1	1	1	I393N	katG	Resistance: ISONIAZID. PMID: 19209951
katG.1	1	1	T394A	katG	Resistance: ISONIAZID. PMID: 19209951
katG.1	1	1	A409D	katG	Resistance: ISONIAZID. PMID: 19209951,24731071
katG.1	1	1	A409R	katG	Resistance: ISONIAZID. PMID: 19209951,24731071
katG.1	1	1	Y413H	katG	Resistance: ISONIAZID. PMID: 19209951
katG.1	1	1	K414N	katG	Resistance: ISONIAZID. PMID: 19209951
katG.1	1	1	R418L	katG	Resistance: ISONIAZID. PMID: 19209951,19209951
katG.1	1	1	R418Q	katG	Resistance: ISONIAZID. PMID: 19209951,19209951
katG.1	1	1	D419H	katG	Resistance: ISONIAZID. PMID: 23561273;19209951
katG.1	1	1	A424E	katG	Resistance: ISONIAZID. PMID: 19209951,19209951,19486070
katG.1	1	1	A424G	katG	Resistance: ISONIAZID. PMID: 19209951,19209951,19486070
katG.1	1	1	A424V	katG	Resistance: ISONIAZID. PMID: 19209951,19209951,19486070
katG.1	1	1	G428R	katG	Resistance: ISONIAZID. PMID: 23561273
katG.1	1	1	P429S	katG	Resistance: ISONIAZID. PMID: 19209951
katG.1	1	1	T435I	katG	Resistance: ISONIAZID. PMID: 23561273
katG.1	1	1	A444T	katG	Resistance: ISONIAZID. PMID: 19209951
katG.1	1	1	L449F	katG	Resistance: ISONIAZID. PMID: 19209951
katG.1	1	1	E454R	katG	Resistance: ISONIAZID. PMID: 24731071
katG.1	1	1	S457I	katG	Resistance: ISONIAZID. PMID: 19209951
katG.1	1	1	Q461P	katG	Resistance: ISONIAZID. PMID: 23561273
katG.1	1	1	I462T	katG	Resistance: ISONIAZID. PMID: 19209951
katG.1	1	1	R463W	katG	Resistance: ISONIAZID. PMID: 23561273
katG.1	1	1	A464S	katG	Resistance: ISONIAZID. PMID: 23561273
katG.1	1	1	V473F	katG	Resistance: ISONIAZID. PMID: 23561273
katG.1	1	1	R484S	katG	Resistance: ISONIAZID. PMID: 19209951
katG.1	1	1	G485V	katG	Resistance: ISONIAZID. PMID: 23561273;19209951
katG.1	1	1	K488N	katG	Resistance: ISONIAZID. PMID: 19209951
katG.1	1	1	G491C	katG	Resistance: ISONIAZID. PMID: 19209951
katG.1	1	1	R496L	katG	Resistance: ISONIAZID. PMID: 23561273
katG.1	1	1	Q502H	katG	Resistance: ISONIAZID. PMID: 19209951
katG.1	1	1	W505R	katG	Resistance: ISONIAZID. PMID: 19209951,19209951
katG.1	1	1	W505S	katG	Resistance: ISONIAZID. PMID: 19209951,19209951
katG.1	1	1	R515C	katG	Resistance: ISONIAZID. PMID: 19209951
katG.1	1	1	Q525P	katG	Resistance: ISONIAZID. PMID: 19209951
katG.1	1	1	N529D	katG	Resistance: ISONIAZID. PMID: 19209951
katG.1	1	1	A550D	katG	Resistance: ISONIAZID. PMID: 19209951
katG.1	1	1	A551G	katG	Resistance: ISONIAZID. PMID: 19209951
katG.1	1	1	F567S	katG	Resistance: ISONIAZID. PMID: 19209951
katG.1	1	1	D573N	katG	Resistance: ISONIAZID. PMID: 19209951
katG.1	1	1	A574E	katG	Resistance: ISONIAZID. PMID: 19209951,19209951
katG.1	1	1	A574V	katG	Resistance: ISONIAZID. PMID: 19209951,19209951
katG.1	1	1	L587M	katG	Resistance: ISONIAZID. PMID: 19209951,19209951
katG.1	1	1	L587P	katG	Resistance: ISONIAZID. PMID: 19209951,19209951
katG.1	1	1	P589T	katG	Resistance: ISONIAZID. PMID: 19209951
katG.1	1	1	G593D	katG	Resistance: ISONIAZID. PMID: 19209951
katG.1	1	1	E607K	katG	Resistance: ISONIAZID. PMID: 19209951
katG.1	1	1	M609I	katG	Resistance: ISONIAZID. PMID: 19209951
katG.1	1	1	L619P	katG	Resistance: ISONIAZID. PMID: 19209951
katG.1	1	1	G629S	katG	Resistance: ISONIAZID. PMID: 10884617;19209951
katG.1	1	1	L634F	katG	Resistance: ISONIAZID. PMID: 19209951
katG.1	1	1	A636E	katG	Resistance: ISONIAZID. PMID: 19209951
katG.1	1	1	L653P	katG	Resistance: ISONIAZID. PMID: 19209951
katG.1	1	1	G685R	katG	Resistance: ISONIAZID. PMID: 19209951
katG.1	1	1	D695A	katG	Resistance: ISONIAZID. PMID: 19209951
katG.1	1	1	S700P	katG	Resistance: ISONIAZID. PMID: 19209951
katG.1	1	1	V710A	katG	Resistance: ISONIAZID. PMID: 19209951
katG.1	1	1	A713P	katG	Resistance: ISONIAZID. PMID: 19209951
katG.1	1	1	A716P	katG	Resistance: ISONIAZID. PMID: 19209951
katG.1	1	1	Q717P	katG	Resistance: ISONIAZID. PMID: 19209951
katG.1	1	1	A727D	katG	Resistance: ISONIAZID. PMID: 19209951
katG.1	1	1	W728C	katG	Resistance: ISONIAZID. PMID: 19209951
katG.1	1	1	D735A	katG	Resistance: ISONIAZID. PMID: 19209951,19209951
katG.1	1	1	D735N	katG	Resistance: ISONIAZID. PMID: 19209951,19209951
katG_promoter.1	0	1	G96A	katG_promoter	Resistance: ISONIAZID. PMID: 24055765
katG_promoter.1	0	1	A98C	katG_promoter	Resistance: ISONIAZID. PMID: 24055765
katG_promoter.1	0	1	G101A	katG_promoter	Resistance: ISONIAZID. PMID: 24055765
nuoA_promoter.1	0	1	G52T	nuoA_promoter	Resistance: XDR-TB. PMID: 29358649
panD.1	1	1	H21R	panD	Resistance: PYRAZINAMIDE. PMID: 26038471
panD.1	1	1	I49V	panD	Resistance: PYRAZINAMIDE. PMID: 26038471
panD.1	1	1	M117I	panD	Resistance: PYRAZINAMIDE. PMID: 26038753
panD.1	1	1	A128S	panD	Resistance: PYRAZINAMIDE. PMID: 26038471
panD.1	1	1	E130G	panD	Resistance: PYRAZINAMIDE. PMID: 26038471
panD.1	1	1	L136R	panD	Resistance: PYRAZINAMIDE. PMID: 26038753
panD.1	1	1	V138A	panD	Resistance: PYRAZINAMIDE. PMID: 26038471,26038753,26038753,26038753
panD.1	1	1	V138E	panD	Resistance: PYRAZINAMIDE. PMID: 26038471,26038753,26038753,26038753
panD.1	1	1	V138G	panD	Resistance: PYRAZINAMIDE. PMID: 26038471,26038753,26038753,26038753
pncA.1	1	1	M1I	pncA	Resistance: PYRAZINAMIDE. PMID: 22825123;19209951,22825123;19209951
pncA.1	1	1	M1T	pncA	Resistance: PYRAZINAMIDE. PMID: 22825123;19209951,22825123;19209951
pncA.1	1	1	A3E	pncA	Resistance: PYRAZINAMIDE. PMID: 19209951,19209951
pncA.1	1	1	A3P	pncA	Resistance: PYRAZINAMIDE. PMID: 19209951,19209951
pncA.1	1	1	L4S	pncA	Resistance: PYRAZINAMIDE. PMID: 19209951,19209951
pncA.1	1	1	L4W	pncA	Resistance: PYRAZINAMIDE. PMID: 19209951,19209951
pncA.1	1	1	I5S	pncA	Resistance: PYRAZINAMIDE. PMID: 19209951
pncA.1	1	1	I6S	pncA	Resistance: PYRAZINAMIDE. PMID: 23561273
pncA.1	1	1	V7D	pncA	Resistance: PYRAZINAMIDE. PMID: 19209951,19209951,19209951,19209951
pncA.1	1	1	V7F	pncA	Resistance: PYRAZINAMIDE. PMID: 19209951,19209951,19209951,19209951
pncA.1	1	1	V7G	pncA	Resistance: PYRAZINAMIDE. PMID: 19209951,19209951,19209951,19209951
pncA.1	1	1	V7I	pncA	Resistance: PYRAZINAMIDE. PMID: 19209951,19209951,19209951,19209951
pncA.1	1	1	D8A	pncA	Resistance: PYRAZINAMIDE. PMID: 19209951,23561273;19209951,24131688;22825123,22825123;19209951,22825123
pncA.1	1	1	D8E	pncA	Resistance: PYRAZINAMIDE. PMID: 19209951,23561273;19209951,24131688;22825123,22825123;19209951,22825123
pncA.1	1	1	D8G	pncA	Resistance: PYRAZINAMIDE. PMID: 19209951,23561273;19209951,24131688;22825123,22825123;19209951,22825123
pncA.1	1	1	D8N	pncA	Resistance: PYRAZINAMIDE. PMID: 19209951,23561273;19209951,24131688;22825123,22825123;19209951,22825123
pncA.1	1	1	D8Y	pncA	Resistance: PYRAZINAMIDE. PMID: 19209951,23561273;19209951,24131688;22825123,22825123;19209951,22825123
pncA.1	1	1	V9A	pncA	Resistance: PYRAZINAMIDE. PMID: 22825123;19832709;19209951,19209951,19209951,24731071
pncA.1	1	1	V9G	pncA	Resistance: PYRAZINAMIDE. PMID: 22825123;19832709;19209951,19209951,19209951,24731071
pncA.1	1	1	V9L	pncA	Resistance: PYRAZINAMIDE. PMID: 22825123;19832709;19209951,19209951,19209951,24731071
pncA.1	1	1	V9S	pncA	Resistance: PYRAZINAMIDE. PMID: 22825123;19832709;19209951,19209951,19209951,24731071
pncA.1	1	1	Q10K	pncA	Resistance: PYRAZINAMIDE. PMID: 19209951,24131688;22825123;17596354;19209951;24731071,23561273;22825123;19209951,19209951
pncA.1	1	1	Q10P	pncA	Resistance: PYRAZINAMIDE. PMID: 19209951,24131688;22825123;17596354;19209951;24731071,23561273;22825123;19209951,19209951
pncA.1	1	1	Q10R	pncA	Resistance: PYRAZINAMIDE. PMID: 19209951,24131688;22825123;17596354;19209951;24731071,23561273;22825123;19209951,19209951
pncA.1	1	1	D12A	pncA	Resistance: PYRAZINAMIDE. PMID: 23561273;22825123;17596354;19209951,22825123;19209951
pncA.1	1	1	D12N	pncA	Resistance: PYRAZINAMIDE. PMID: 23561273;22825123;17596354;19209951,22825123;19209951
pncA.1	1	1	F13L	pncA	Resistance: PYRAZINAMIDE. PMID: 24131688;22825123,19209951
pncA.1	1	1	F13S	pncA	Resistance: PYRAZINAMIDE. PMID: 24131688;22825123,19209951
pncA.1	1	1	C14G	pncA	Resistance: PYRAZINAMIDE. PMID: 22825123,23561273,19209951,23561273,19209951
pncA.1	1	1	C14R	pncA	Resistance: PYRAZINAMIDE. PMID: 22825123,23561273,19209951,23561273,19209951
pncA.1	1	1	C14W	pncA	Resistance: PYRAZINAMIDE. PMID: 22825123,23561273,19209951,23561273,19209951
pncA.1	1	1	C14Y	pncA	Resistance: PYRAZINAMIDE. PMID: 22825123,23561273,19209951,23561273,19209951
pncA.1	1	1	G17D	pncA	Resistance: PYRAZINAMIDE. PMID: 19209951,19209951
pncA.1	1	1	G17V	pncA	Resistance: PYRAZINAMIDE. PMID: 19209951,19209951
pncA.1	1	1	S18P	pncA	Resistance: PYRAZINAMIDE. PMID: 24131688
pncA.1	1	1	L19P	pncA	Resistance: PYRAZINAMIDE. PMID: 19209951,19209951
pncA.1	1	1	L19R	pncA	Resistance: PYRAZINAMIDE. PMID: 19209951,19209951
pncA.1	1	1	V21G	pncA	Resistance: PYRAZINAMIDE. PMID: 19209951
pncA.1	1	1	G23V	pncA	Resistance: PYRAZINAMIDE. PMID: 19209951;24731071
pncA.1	1	1	G24D	pncA	Resistance: PYRAZINAMIDE. PMID: 24131688;22825123,22825123
pncA.1	1	1	G24R	pncA	Resistance: PYRAZINAMIDE. PMID: 24131688;22825123,22825123
pncA.1	1	1	A25E	pncA	Resistance: PYRAZINAMIDE. PMID: 24731071
pncA.1	1	1	A26G	pncA	Resistance: PYRAZINAMIDE. PMID: 19209951
pncA.1	1	1	L27P	pncA	Resistance: PYRAZINAMIDE. PMID: 17596354
pncA.1	1	1	A28D	pncA	Resistance: PYRAZINAMIDE. PMID: 19209951
pncA.1	1	1	I31S	pncA	Resistance: PYRAZINAMIDE. PMID: 22825123
pncA.1	1	1	Y34D	pncA	Resistance: PYRAZINAMIDE. PMID: 22825123,19209951,19832709
pncA.1	1	1	Y34S	pncA	Resistance: PYRAZINAMIDE. PMID: 22825123,19209951,19832709
pncA.1	1	1	L35P	pncA	Resistance: PYRAZINAMIDE. PMID: 19209951,22825123;19209951
pncA.1	1	1	L35R	pncA	Resistance: PYRAZINAMIDE. PMID: 19209951,22825123;19209951
pncA.1	1	1	Y41H	pncA	Resistance: PYRAZINAMIDE. PMID: 19209951,19209951
pncA.1	1	1	H43P	pncA	Resistance: PYRAZINAMIDE. PMID: 22825123;19209951
pncA.1	1	1	V44G	pncA	Resistance: PYRAZINAMIDE. PMID: 23995137
pncA.1	1	1	V45G	pncA	Resistance: PYRAZINAMIDE. PMID: 19209951
pncA.1	1	1	A46E	pncA	Resistance: PYRAZINAMIDE. PMID: 23561273;22825123;19209951,19209951,19209951
pncA.1	1	1	A46P	pncA	Resistance: PYRAZINAMIDE. PMID: 23561273;22825123;19209951,19209951,19209951
pncA.1	1	1	A46V	pncA	Resistance: PYRAZINAMIDE. PMID: 23561273;22825123;19209951,19209951,19209951
pncA.1	1	1	T47A	pncA	Resistance: PYRAZINAMIDE. PMID: 19209951,24131688;23995137;19209951,23561273;19209951
pncA.1	1	1	T47P	pncA	Resistance: PYRAZINAMIDE. PMID: 19209951,24131688;23995137;19209951,23561273;19209951
pncA.1	1	1	T47S	pncA	Resistance: PYRAZINAMIDE. PMID: 19209951,24131688;23995137;19209951,23561273;19209951
pncA.1	1	1	D49A	pncA	Resistance: PYRAZINAMIDE. PMID: 19209951,23561273;19209951,23561273;22825123;19209951,23561273;22825123,19209951
pncA.1	1	1	D49G	pncA	Resistance: PYRAZINAMIDE. PMID: 19209951,23561273;19209951,23561273;22825123;19209951,23561273;22825123,19209951
pncA.1	1	1	D49H	pncA	Resistance: PYRAZINAMIDE. PMID: 19209951,23561273;19209951,23561273;22825123;19209951,23561273;22825123,19209951
pncA.1	1	1	D49N	pncA	Resistance: PYRAZINAMIDE. PMID: 19209951,23561273;19209951,23561273;22825123;19209951,23561273;22825123,19209951
pncA.1	1	1	D49V	pncA	Resistance: PYRAZINAMIDE. PMID: 19209951,23561273;19209951,23561273;22825123;19209951,23561273;22825123,19209951
pncA.1	1	1	H51N	pncA	Resistance: PYRAZINAMIDE. PMID: 17596354;19832709;19209951,22825123;19209951,23561273;19209951,22825123;19209951,19209951
pncA.1	1	1	H51P	pncA	Resistance: PYRAZINAMIDE. PMID: 17596354;19832709;19209951,22825123;19209951,23561273;19209951,22825123;19209951,19209951
pncA.1	1	1	H51Q	pncA	Resistance: PYRAZINAMIDE. PMID: 17596354;19832709;19209951,22825123;19209951,23561273;19209951,22825123;19209951,19209951
pncA.1	1	1	H51R	pncA	Resistance: PYRAZINAMIDE. PMID: 17596354;19832709;19209951,22825123;19209951,23561273;19209951,22825123;19209951,19209951
pncA.1	1	1	H51Y	pncA	Resistance: PYRAZINAMIDE. PMID: 17596354;19832709;19209951,22825123;19209951,23561273;19209951,22825123;19209951,19209951
pncA.1	1	1	D53A	pncA	Resistance: PYRAZINAMIDE. PMID: 19209951,17596354;19209951
pncA.1	1	1	D53N	pncA	Resistance: PYRAZINAMIDE. PMID: 19209951,17596354;19209951
pncA.1	1	1	P54L	pncA	Resistance: PYRAZINAMIDE. PMID: 24131688;17596354;19832709;19209951,23561273;22825123,19209951
pncA.1	1	1	P54Q	pncA	Resistance: PYRAZINAMIDE. PMID: 24131688;17596354;19832709;19209951,23561273;22825123,19209951
pncA.1	1	1	P54T	pncA	Resistance: PYRAZINAMIDE. PMID: 24131688;17596354;19832709;19209951,23561273;22825123,19209951
pncA.1	1	1	H57D	pncA	Resistance: PYRAZINAMIDE. PMID: 19209951,22825123,19209951,24131688;19209951,22825123,19209951
pncA.1	1	1	H57L	pncA	Resistance: PYRAZINAMIDE. PMID: 19209951,22825123,19209951,24131688;19209951,22825123,19209951
pncA.1	1	1	H57N	pncA	Resistance: PYRAZINAMIDE. PMID: 19209951,22825123,19209951,24131688;19209951,22825123,19209951
pncA.1	1	1	H57P	pncA	Resistance: PYRAZINAMIDE. PMID: 19209951,22825123,19209951,24131688;19209951,22825123,19209951
pncA.1	1	1	H57R	pncA	Resistance: PYRAZINAMIDE. PMID: 19209951,22825123,19209951,24131688;19209951,22825123,19209951
pncA.1	1	1	H57Y	pncA	Resistance: PYRAZINAMIDE. PMID: 19209951,22825123,19209951,24131688;19209951,22825123,19209951
pncA.1	1	1	F58L	pncA	Resistance: PYRAZINAMIDE. PMID: 23561273;23995137;19209951,24131688
pncA.1	1	1	F58S	pncA	Resistance: PYRAZINAMIDE. PMID: 23561273;23995137;19209951,24131688
pncA.1	1	1	S59P	pncA	Resistance: PYRAZINAMIDE. PMID: 23561273;23995137;22825123;19832709;19209951
pncA.1	1	1	T61P	pncA	Resistance: PYRAZINAMIDE. PMID: 19209951
pncA.1	1	1	P62L	pncA	Resistance: PYRAZINAMIDE. PMID: 23561273;19209951,19209951
pncA.1	1	1	P62R	pncA	Resistance: PYRAZINAMIDE. PMID: 23561273;19209951,19209951
pncA.1	1	1	D63A	pncA	Resistance: PYRAZINAMIDE. PMID: 22825123;19209951,22825123,19209951
pncA.1	1	1	D63G	pncA	Resistance: PYRAZINAMIDE. PMID: 22825123;19209951,22825123,19209951
pncA.1	1	1	D63H	pncA	Resistance: PYRAZINAMIDE. PMID: 22825123;19209951,22825123,19209951
pncA.1	1	1	Y64D	pncA	Resistance: PYRAZINAMIDE. PMID: 19209951
pncA.1	1	1	S66P	pncA	Resistance: PYRAZINAMIDE. PMID: 24131688;19209951
pncA.1	1	1	S67P	pncA	Resistance: PYRAZINAMIDE. PMID: 22825123;19209951
pncA.1	1	1	W68G	pncA	Resistance: PYRAZINAMIDE. PMID: 23561273;19209951,19209951,19209951,22825123;19209951,19209951
pncA.1	1	1	W68L	pncA	Resistance: PYRAZINAMIDE. PMID: 23561273;19209951,19209951,19209951,22825123;19209951,19209951
pncA.1	1	1	W68R	pncA	Resistance: PYRAZINAMIDE. PMID: 23561273;19209951,19209951,19209951,22825123;19209951,19209951
pncA.1	1	1	W68S	pncA	Resistance: PYRAZINAMIDE. PMID: 23561273;19209951,19209951,19209951,22825123;19209951,19209951
pncA.1	1	1	P69L	pncA	Resistance: PYRAZINAMIDE. PMID: 19209951,23561273;19209951
pncA.1	1	1	P69R	pncA	Resistance: PYRAZINAMIDE. PMID: 19209951,23561273;19209951
pncA.1	1	1	H71D	pncA	Resistance: PYRAZINAMIDE. PMID: 19209951,22825123;19209951,22825123,19209951
pncA.1	1	1	H71N	pncA	Resistance: PYRAZINAMIDE. PMID: 19209951,22825123;19209951,22825123,19209951
pncA.1	1	1	H71R	pncA	Resistance: PYRAZINAMIDE. PMID: 19209951,22825123;19209951,22825123,19209951
pncA.1	1	1	H71Y	pncA	Resistance: PYRAZINAMIDE. PMID: 19209951,22825123;19209951,22825123,19209951
pncA.1	1	1	C72R	pncA	Resistance: PYRAZINAMIDE. PMID: 23561273,17596354;19209951,22825123;19209951,19209951
pncA.1	1	1	C72W	pncA	Resistance: PYRAZINAMIDE. PMID: 23561273,17596354;19209951,22825123;19209951,19209951
pncA.1	1	1	C72Y	pncA	Resistance: PYRAZINAMIDE. PMID: 23561273,17596354;19209951,22825123;19209951,19209951
pncA.1	1	1	T76I	pncA	Resistance: PYRAZINAMIDE. PMID: 19209951,24131688;23561273;22825123;19209951
pncA.1	1	1	T76P	pncA	Resistance: PYRAZINAMIDE. PMID: 19209951,24131688;23561273;22825123;19209951
pncA.1	1	1	G78D	pncA	Resistance: PYRAZINAMIDE. PMID: 19209951,19832709
pncA.1	1	1	G78S	pncA	Resistance: PYRAZINAMIDE. PMID: 19209951,19832709
pncA.1	1	1	A79G	pncA	Resistance: PYRAZINAMIDE. PMID: 19209951
pncA.1	1	1	F81V	pncA	Resistance: PYRAZINAMIDE. PMID: 24131688
pncA.1	1	1	H82D	pncA	Resistance: PYRAZINAMIDE. PMID: 19209951,24131688;23561273;22825123;19209951,19209951,22825123
pncA.1	1	1	H82L	pncA	Resistance: PYRAZINAMIDE. PMID: 19209951,24131688;23561273;22825123;19209951,19209951,22825123
pncA.1	1	1	H82R	pncA	Resistance: PYRAZINAMIDE. PMID: 19209951,24131688;23561273;22825123;19209951,19209951,22825123
pncA.1	1	1	H82Y	pncA	Resistance: PYRAZINAMIDE. PMID: 19209951,24131688;23561273;22825123;19209951,19209951,22825123
pncA.1	1	1	L85P	pncA	Resistance: PYRAZINAMIDE. PMID: 22825123;19209951,19209951
pncA.1	1	1	L85R	pncA	Resistance: PYRAZINAMIDE. PMID: 22825123;19209951,19209951
pncA.1	1	1	T87M	pncA	Resistance: PYRAZINAMIDE. PMID: 22825123;19209951
pncA.1	1	1	I90S	pncA	Resistance: PYRAZINAMIDE. PMID: 19209951
pncA.1	1	1	F94L	pncA	Resistance: PYRAZINAMIDE. PMID: 24131688,24131688,24731071
pncA.1	1	1	F94P	pncA	Resistance: PYRAZINAMIDE. PMID: 24131688,24131688,24731071
pncA.1	1	1	F94S	pncA	Resistance: PYRAZINAMIDE. PMID: 24131688,24131688,24731071
pncA.1	1	1	K96E	pncA	Resistance: PYRAZINAMIDE. PMID: 19209951,23561273;19209951,24131688;23561273;19209951,19209951
pncA.1	1	1	K96N	pncA	Resistance: PYRAZINAMIDE. PMID: 19209951,23561273;19209951,24131688;23561273;19209951,19209951
pncA.1	1	1	K96Q	pncA	Resistance: PYRAZINAMIDE. PMID: 19209951,23561273;19209951,24131688;23561273;19209951,19209951
pncA.1	1	1	K96T	pncA	Resistance: PYRAZINAMIDE. PMID: 19209951,23561273;19209951,24131688;23561273;19209951,19209951
pncA.1	1	1	G97D	pncA	Resistance: PYRAZINAMIDE. PMID: 19209951,23561273;19209951
pncA.1	1	1	G97S	pncA	Resistance: PYRAZINAMIDE. PMID: 19209951,23561273;19209951
pncA.1	1	1	A102T	pncA	Resistance: PYRAZINAMIDE. PMID: 23995137;19209951,19209951
pncA.1	1	1	A102V	pncA	Resistance: PYRAZINAMIDE. PMID: 23995137;19209951,19209951
pncA.1	1	1	Y103C	pncA	Resistance: PYRAZINAMIDE. PMID: 22825123;19209951,19209951,19209951,22825123;19209951
pncA.1	1	1	Y103H	pncA	Resistance: PYRAZINAMIDE. PMID: 22825123;19209951,19209951,19209951,22825123;19209951
pncA.1	1	1	Y103S	pncA	Resistance: PYRAZINAMIDE. PMID: 22825123;19209951,19209951,19209951,22825123;19209951
pncA.1	1	1	S104R	pncA	Resistance: PYRAZINAMIDE. PMID: 23561273;22825123;19209951
pncA.1	1	1	G108R	pncA	Resistance: PYRAZINAMIDE. PMID: 23561273
pncA.1	1	1	T114A	pncA	Resistance: PYRAZINAMIDE. PMID: 19832709,19209951
pncA.1	1	1	T114P	pncA	Resistance: PYRAZINAMIDE. PMID: 19832709,19209951
pncA.1	1	1	L116P	pncA	Resistance: PYRAZINAMIDE. PMID: 19209951,22825123,19209951
pncA.1	1	1	L116R	pncA	Resistance: PYRAZINAMIDE. PMID: 19209951,22825123,19209951
pncA.1	1	1	L116V	pncA	Resistance: PYRAZINAMIDE. PMID: 19209951,22825123,19209951
pncA.1	1	1	N118T	pncA	Resistance: PYRAZINAMIDE. PMID: 19209951
pncA.1	1	1	W119C	pncA	Resistance: PYRAZINAMIDE. PMID: 23561273;19209951,19209951,23995137;19209951
pncA.1	1	1	W119R	pncA	Resistance: PYRAZINAMIDE. PMID: 23561273;19209951,19209951,23995137;19209951
pncA.1	1	1	L120P	pncA	Resistance: PYRAZINAMIDE. PMID: 19209951
pncA.1	1	1	R121P	pncA	Resistance: PYRAZINAMIDE. PMID: 19209951
pncA.1	1	1	V125D	pncA	Resistance: PYRAZINAMIDE. PMID: 19209951,19209951
pncA.1	1	1	V125G	pncA	Resistance: PYRAZINAMIDE. PMID: 19209951,19209951
pncA.1	1	1	V128G	pncA	Resistance: PYRAZINAMIDE. PMID: 23995137;19209951
pncA.1	1	1	V130A	pncA	Resistance: PYRAZINAMIDE. PMID: 19209951,23561273
pncA.1	1	1	V130G	pncA	Resistance: PYRAZINAMIDE. PMID: 19209951,23561273
pncA.1	1	1	V131F	pncA	Resistance: PYRAZINAMIDE. PMID: 23561273
pncA.1	1	1	G132A	pncA	Resistance: PYRAZINAMIDE. PMID: 22825123,23561273;19209951,24131688,17596354;19209951
pncA.1	1	1	G132D	pncA	Resistance: PYRAZINAMIDE. PMID: 22825123,23561273;19209951,24131688,17596354;19209951
pncA.1	1	1	G132S	pncA	Resistance: PYRAZINAMIDE. PMID: 22825123,23561273;19209951,24131688,17596354;19209951
pncA.1	1	1	G132V	pncA	Resistance: PYRAZINAMIDE. PMID: 22825123,23561273;19209951,24131688,17596354;19209951
pncA.1	1	1	I133N	pncA	Resistance: PYRAZINAMIDE. PMID: 19209951,17596354;19209951
pncA.1	1	1	I133T	pncA	Resistance: PYRAZINAMIDE. PMID: 19209951,17596354;19209951
pncA.1	1	1	A134S	pncA	Resistance: PYRAZINAMIDE. PMID: 22825123;19209951,19832709
pncA.1	1	1	A134V	pncA	Resistance: PYRAZINAMIDE. PMID: 22825123;19209951,19832709
pncA.1	1	1	T135P	pncA	Resistance: PYRAZINAMIDE. PMID: 24131688;23561273;23995137;19209951
pncA.1	1	1	D136G	pncA	Resistance: PYRAZINAMIDE. PMID: 24131688;23561273;22825123;19209951,23995137;17596354;19209951,19209951,19209951
pncA.1	1	1	D136H	pncA	Resistance: PYRAZINAMIDE. PMID: 24131688;23561273;22825123;19209951,23995137;17596354;19209951,19209951,19209951
pncA.1	1	1	D136N	pncA	Resistance: PYRAZINAMIDE. PMID: 24131688;23561273;22825123;19209951,23995137;17596354;19209951,19209951,19209951
pncA.1	1	1	D136Y	pncA	Resistance: PYRAZINAMIDE. PMID: 24131688;23561273;22825123;19209951,23995137;17596354;19209951,19209951,19209951
pncA.1	1	1	H137P	pncA	Resistance: PYRAZINAMIDE. PMID: 19209951,19832709;19209951
pncA.1	1	1	H137R	pncA	Resistance: PYRAZINAMIDE. PMID: 19209951,19832709;19209951
pncA.1	1	1	C138S	pncA	Resistance: PYRAZINAMIDE. PMID: 23561273,19209951,19209951
pncA.1	1	1	C138Y	pncA	Resistance: PYRAZINAMIDE. PMID: 23561273,19209951,19209951
pncA.1	1	1	V139A	pncA	Resistance: PYRAZINAMIDE. PMID: 24131688;19209951,24131688;23561273;23995137;22825123;19209951,24131688;22825123;19209951,19209951
pncA.1	1	1	V139G	pncA	Resistance: PYRAZINAMIDE. PMID: 24131688;19209951,24131688;23561273;23995137;22825123;19209951,24131688;22825123;19209951,19209951
pncA.1	1	1	V139L	pncA	Resistance: PYRAZINAMIDE. PMID: 24131688;19209951,24131688;23561273;23995137;22825123;19209951,24131688;22825123;19209951,19209951
pncA.1	1	1	V139M	pncA	Resistance: PYRAZINAMIDE. PMID: 24131688;19209951,24131688;23561273;23995137;22825123;19209951,24131688;22825123;19209951,19209951
pncA.1	1	1	R140G	pncA	Resistance: PYRAZINAMIDE. PMID: 19832709,19209951,22825123
pncA.1	1	1	R140H	pncA	Resistance: PYRAZINAMIDE. PMID: 19832709,19209951,22825123
pncA.1	1	1	R140S	pncA	Resistance: PYRAZINAMIDE. PMID: 19832709,19209951,22825123
pncA.1	1	1	Q141P	pncA	Resistance: PYRAZINAMIDE. PMID: 24131688;23561273;22825123;19209951,22825123;19209951
pncA.1	1	1	T142A	pncA	Resistance: PYRAZINAMIDE. PMID: 23561273;22825123;19209951,22825123;19209951,19209951,19209951
pncA.1	1	1	T142K	pncA	Resistance: PYRAZINAMIDE. PMID: 23561273;22825123;19209951,22825123;19209951,19209951,19209951
pncA.1	1	1	T142M	pncA	Resistance: PYRAZINAMIDE. PMID: 23561273;22825123;19209951,22825123;19209951,19209951,19209951
pncA.1	1	1	T142P	pncA	Resistance: PYRAZINAMIDE. PMID: 23561273;22825123;19209951,22825123;19209951,19209951,19209951
pncA.1	1	1	A143P	pncA	Resistance: PYRAZINAMIDE. PMID: 22825123,22825123
pncA.1	1	1	A143T	pncA	Resistance: PYRAZINAMIDE. PMID: 22825123,22825123
pncA.1	1	1	A146T	pncA	Resistance: PYRAZINAMIDE. PMID: 19209951,23561273;22825123;19209951
pncA.1	1	1	A146V	pncA	Resistance: PYRAZINAMIDE. PMID: 19209951,23561273;22825123;19209951
pncA.1	1	1	R148S	pncA	Resistance: PYRAZINAMIDE. PMID: 17596354;19209951
pncA.1	1	1	L151S	pncA	Resistance: PYRAZINAMIDE. PMID: 29358649
pncA.1	1	1	T153N	pncA	Resistance: PYRAZINAMIDE. PMID: 19209951
pncA.1	1	1	R154G	pncA	Resistance: PYRAZINAMIDE. PMID: 22825123,19209951
pncA.1	1	1	R154M	pncA	Resistance: PYRAZINAMIDE. PMID: 22825123,19209951
pncA.1	1	1	V155A	pncA	Resistance: PYRAZINAMIDE. PMID: 22825123;19209951,23561273;19209951,23561273
pncA.1	1	1	V155G	pncA	Resistance: PYRAZINAMIDE. PMID: 22825123;19209951,23561273;19209951,23561273
pncA.1	1	1	V155L	pncA	Resistance: PYRAZINAMIDE. PMID: 22825123;19209951,23561273;19209951,23561273
pncA.1	1	1	L159P	pncA	Resistance: PYRAZINAMIDE. PMID: 24131688;23561273;19209951,22825123;19209951
pncA.1	1	1	L159R	pncA	Resistance: PYRAZINAMIDE. PMID: 24131688;23561273;19209951,22825123;19209951
pncA.1	1	1	T160P	pncA	Resistance: PYRAZINAMIDE. PMID: 19209951
pncA.1	1	1	A161P	pncA	Resistance: PYRAZINAMIDE. PMID: 19209951
pncA.1	1	1	G162D	pncA	Resistance: PYRAZINAMIDE. PMID: 24131688;19209951
pncA.1	1	1	A165T	pncA	Resistance: PYRAZINAMIDE. PMID: 19832709
pncA.1	1	1	T168N	pncA	Resistance: PYRAZINAMIDE. PMID: 19209951,24131688;23561273
pncA.1	1	1	T168P	pncA	Resistance: PYRAZINAMIDE. PMID: 19209951,24131688;23561273
pncA.1	1	1	A171E	pncA	Resistance: PYRAZINAMIDE. PMID: 19209951,22825123;19209951,19209951,19209951
pncA.1	1	1	A171P	pncA	Resistance: PYRAZINAMIDE. PMID: 19209951,22825123;19209951,19209951,19209951
pncA.1	1	1	A171T	pncA	Resistance: PYRAZINAMIDE. PMID: 19209951,22825123;19209951,19209951,19209951
pncA.1	1	1	A171V	pncA	Resistance: PYRAZINAMIDE. PMID: 19209951,22825123;19209951,19209951,19209951
pncA.1	1	1	L172A	pncA	Resistance: PYRAZINAMIDE. PMID: 22825123,22825123;19209951,24731071
pncA.1	1	1	L172P	pncA	Resistance: PYRAZINAMIDE. PMID: 22825123,22825123;19209951,24731071
pncA.1	1	1	L172R	pncA	Resistance: PYRAZINAMIDE. PMID: 22825123,22825123;19209951,24731071
pncA.1	1	1	E174G	pncA	Resistance: PYRAZINAMIDE. PMID: 24131688
pncA.1	1	1	M175I	pncA	Resistance: PYRAZINAMIDE. PMID: 22825123,24131688;23561273,22825123;17596354;19209951
pncA.1	1	1	M175R	pncA	Resistance: PYRAZINAMIDE. PMID: 22825123,24131688;23561273,22825123;17596354;19209951
pncA.1	1	1	M175V	pncA	Resistance: PYRAZINAMIDE. PMID: 22825123,24131688;23561273,22825123;17596354;19209951
pncA.1	1	1	S179R	pncA	Resistance: PYRAZINAMIDE. PMID: 19209951
pncA.1	1	1	V180F	pncA	Resistance: PYRAZINAMIDE. PMID: 19209951
pncA.1	1	1	E181D	pncA	Resistance: PYRAZINAMIDE. PMID: 19209951
pncA.1	1	1	L182S	pncA	Resistance: PYRAZINAMIDE. PMID: 23561273;22825123;19209951
pncA.1	1	1	S185I	pncA	Resistance: PYRAZINAMIDE. PMID: 19209951,19209951
pncA.1	1	1	S185T	pncA	Resistance: PYRAZINAMIDE. PMID: 19209951,19209951
pncA_promoter.1	0	1	T96C	pncA_promoter	Resistance: PYRAZINAMIDE. PMID: 19209951,22825123
pncA_promoter.1	0	1	T96G	pncA_promoter	Resistance: PYRAZINAMIDE. PMID: 19209951,22825123
pncA_promoter.1	0	1	A97C	pncA_promoter	Resistance: PYRAZINAMIDE. PMID: 24131688;22825123;19209951,19209951
pncA_promoter.1	0	1	A97G	pncA_promoter	Resistance: PYRAZINAMIDE. PMID: 24131688;22825123;19209951,19209951
pncA_promoter.1	0	1	T98C	pncA_promoter	Resistance: PYRAZINAMIDE. PMID: 22825123
pncA_promoter.1	0	1	T101C	pncA_promoter	Resistance: PYRAZINAMIDE. PMID: 22825123;19832709;19209951
ribD.1	1	1	G8R	ribD	Resistance: Para-aminosalicyclic acid. PMID: Zhang_et_al._2014
rplC.1	1	1	C154R	rplC	Resistance: LINEZOLID. PMID: 22371899
rpoB.1	1	1	V94F	rpoB	Resistance: RIFAMPICIN. PMID: 24731071
rpoB.1	1	1	A210V	rpoB	Resistance: RIFAMPICIN. PMID: 24731071
rpoB.1	1	1	T324A	rpoB	Resistance: RIFAMPICIN. PMID: 23561273
rpoB.1	1	1	Q333H	rpoB	Resistance: RIFAMPICIN. PMID: 19209951
rpoB.1	1	1	E347A	rpoB	Resistance: RIFAMPICIN. PMID: 19209951
rpoB.1	1	1	F348L	rpoB	Resistance: RIFAMPICIN. PMID: 19209951,23561273,19209951
rpoB.1	1	1	F348S	rpoB	Resistance: RIFAMPICIN. PMID: 19209951,23561273,19209951
rpoB.1	1	1	F348V	rpoB	Resistance: RIFAMPICIN. PMID: 19209951,23561273,19209951
rpoB.1	1	1	G350D	rpoB	Resistance: RIFAMPICIN. PMID: 19209951,19209951;24731071
rpoB.1	1	1	G350S	rpoB	Resistance: RIFAMPICIN. PMID: 19209951,19209951;24731071
rpoB.1	1	1	T351A	rpoB	Resistance: RIFAMPICIN. PMID: 19209951,19209951,19209951,24731071
rpoB.1	1	1	T351H	rpoB	Resistance: RIFAMPICIN. PMID: 19209951,19209951,19209951,24731071
rpoB.1	1	1	T351P	rpoB	Resistance: RIFAMPICIN. PMID: 19209951,19209951,19209951,24731071
rpoB.1	1	1	T351S	rpoB	Resistance: RIFAMPICIN. PMID: 19209951,19209951,19209951,24731071
rpoB.1	1	1	S352I	rpoB	Resistance: RIFAMPICIN. PMID: 23561273;19209951,24731071,23561273,22461677;19209951
rpoB.1	1	1	S352Q	rpoB	Resistance: RIFAMPICIN. PMID: 23561273;19209951,24731071,23561273,22461677;19209951
rpoB.1	1	1	S352R	rpoB	Resistance: RIFAMPICIN. PMID: 23561273;19209951,24731071,23561273,22461677;19209951
rpoB.1	1	1	S352T	rpoB	Resistance: RIFAMPICIN. PMID: 23561273;19209951,24731071,23561273,22461677;19209951
rpoB.1	1	1	Q353H	rpoB	Resistance: RIFAMPICIN. PMID: 19209951,24055765;22461677;19864480;19209951
rpoB.1	1	1	Q353K	rpoB	Resistance: RIFAMPICIN. PMID: 19209951,24055765;22461677;19864480;19209951
rpoB.1	1	1	L354P	rpoB	Resistance: RIFAMPICIN. PMID: 19209951,23561273;23995137;Shi_et_al._2013;22461677;19864480;19209951,Shi_et_al._2013;22461677;19864480;19209951
rpoB.1	1	1	L354R	rpoB	Resistance: RIFAMPICIN. PMID: 19209951,23561273;23995137;Shi_et_al._2013;22461677;19864480;19209951,Shi_et_al._2013;22461677;19864480;19209951
rpoB.1	1	1	L354V	rpoB	Resistance: RIFAMPICIN. PMID: 19209951,23561273;23995137;Shi_et_al._2013;22461677;19864480;19209951,Shi_et_al._2013;22461677;19864480;19209951
rpoB.1	1	1	S355G	rpoB	Resistance: RIFAMPICIN. PMID: 19209951,23995137;19209951,24055765;19209951,19209951
rpoB.1	1	1	S355I	rpoB	Resistance: RIFAMPICIN. PMID: 19209951,23995137;19209951,24055765;19209951,19209951
rpoB.1	1	1	S355R	rpoB	Resistance: RIFAMPICIN. PMID: 19209951,23995137;19209951,24055765;19209951,19209951
rpoB.1	1	1	S355T	rpoB	Resistance: RIFAMPICIN. PMID: 19209951,23995137;19209951,24055765;19209951,19209951
rpoB.1	1	1	Q356E	rpoB	Resistance: RIFAMPICIN. PMID: 24731071,19864480;19209951,19209951,19209951,23561273;24055765;19864480;19209951,23561273;22461677;19864480;19209951,19209951,19209951
rpoB.1	1	1	Q356H	rpoB	Resistance: RIFAMPICIN. PMID: 24731071,19864480;19209951,19209951,19209951,23561273;24055765;19864480;19209951,23561273;22461677;19864480;19209951,19209951,19209951
rpoB.1	1	1	Q356K	rpoB	Resistance: RIFAMPICIN. PMID: 24731071,19864480;19209951,19209951,19209951,23561273;24055765;19864480;19209951,23561273;22461677;19864480;19209951,19209951,19209951
rpoB.1	1	1	Q356L	rpoB	Resistance: RIFAMPICIN. PMID: 24731071,19864480;19209951,19209951,19209951,23561273;24055765;19864480;19209951,23561273;22461677;19864480;19209951,19209951,19209951
rpoB.1	1	1	Q356N	rpoB	Resistance: RIFAMPICIN. PMID: 24731071,19864480;19209951,19209951,19209951,23561273;24055765;19864480;19209951,23561273;22461677;19864480;19209951,19209951,19209951
rpoB.1	1	1	Q356P	rpoB	Resistance: RIFAMPICIN. PMID: 24731071,19864480;19209951,19209951,19209951,23561273;24055765;19864480;19209951,23561273;22461677;19864480;19209951,19209951,19209951
rpoB.1	1	1	Q356R	rpoB	Resistance: RIFAMPICIN. PMID: 24731071,19864480;19209951,19209951,19209951,23561273;24055765;19864480;19209951,23561273;22461677;19864480;19209951,19209951,19209951
rpoB.1	1	1	F357L	rpoB	Resistance: RIFAMPICIN. PMID: 19209951,19209951
rpoB.1	1	1	F357V	rpoB	Resistance: RIFAMPICIN. PMID: 19209951,19209951
rpoB.1	1	1	M358I	rpoB	Resistance: RIFAMPICIN. PMID: 23561273,23561273;24055765;19209951
rpoB.1	1	1	M358T	rpoB	Resistance: RIFAMPICIN. PMID: 23561273,23561273;24055765;19209951
rpoB.1	1	1	D359A	rpoB	Resistance: RIFAMPICIN. PMID: 24731071,19209951,24055765;Wang_et_al._2013;22461677;19864480;19209951,19209951,23561273;23995137;24055765;Shi_et_al._2013;Wang_et_al._2013;22461677;19864480;Jin_et_al._2012;19209951;24731071,,19209951,24055765;Shi_et_al._2013;Wang_et_al._2013;22461677;19864480;19209951,19209951
rpoB.1	1	1	D359E	rpoB	Resistance: RIFAMPICIN. PMID: 24731071,19209951,24055765;Wang_et_al._2013;22461677;19864480;19209951,19209951,23561273;23995137;24055765;Shi_et_al._2013;Wang_et_al._2013;22461677;19864480;Jin_et_al._2012;19209951;24731071,,19209951,24055765;Shi_et_al._2013;Wang_et_al._2013;22461677;19864480;19209951,19209951
rpoB.1	1	1	D359F	rpoB	Resistance: RIFAMPICIN. PMID: 24731071,19209951,24055765;Wang_et_al._2013;22461677;19864480;19209951,19209951,23561273;23995137;24055765;Shi_et_al._2013;Wang_et_al._2013;22461677;19864480;Jin_et_al._2012;19209951;24731071,,19209951,24055765;Shi_et_al._2013;Wang_et_al._2013;22461677;19864480;19209951,19209951
rpoB.1	1	1	D359G	rpoB	Resistance: RIFAMPICIN. PMID: 24731071,19209951,24055765;Wang_et_al._2013;22461677;19864480;19209951,19209951,23561273;23995137;24055765;Shi_et_al._2013;Wang_et_al._2013;22461677;19864480;Jin_et_al._2012;19209951;24731071,,19209951,24055765;Shi_et_al._2013;Wang_et_al._2013;22461677;19864480;19209951,19209951
rpoB.1	1	1	D359H	rpoB	Resistance: RIFAMPICIN. PMID: 24731071,19209951,24055765;Wang_et_al._2013;22461677;19864480;19209951,19209951,23561273;23995137;24055765;Shi_et_al._2013;Wang_et_al._2013;22461677;19864480;Jin_et_al._2012;19209951;24731071,,19209951,24055765;Shi_et_al._2013;Wang_et_al._2013;22461677;19864480;19209951,19209951
rpoB.1	1	1	D359N	rpoB	Resistance: RIFAMPICIN. PMID: 24731071,19209951,24055765;Wang_et_al._2013;22461677;19864480;19209951,19209951,23561273;23995137;24055765;Shi_et_al._2013;Wang_et_al._2013;22461677;19864480;Jin_et_al._2012;19209951;24731071,,19209951,24055765;Shi_et_al._2013;Wang_et_al._2013;22461677;19864480;19209951,19209951
rpoB.1	1	1	D359V	rpoB	Resistance: RIFAMPICIN. PMID: 24731071,19209951,24055765;Wang_et_al._2013;22461677;19864480;19209951,19209951,23561273;23995137;24055765;Shi_et_al._2013;Wang_et_al._2013;22461677;19864480;Jin_et_al._2012;19209951;24731071,,19209951,24055765;Shi_et_al._2013;Wang_et_al._2013;22461677;19864480;19209951,19209951
rpoB.1	1	1	D359Y	rpoB	Resistance: RIFAMPICIN. PMID: 24731071,19209951,24055765;Wang_et_al._2013;22461677;19864480;19209951,19209951,23561273;23995137;24055765;Shi_et_al._2013;Wang_et_al._2013;22461677;19864480;Jin_et_al._2012;19209951;24731071,,19209951,24055765;Shi_et_al._2013;Wang_et_al._2013;22461677;19864480;19209951,19209951
rpoB.1	1	1	Q360H	rpoB	Resistance: RIFAMPICIN. PMID: 19209951,19209951
rpoB.1	1	1	Q360L	rpoB	Resistance: RIFAMPICIN. PMID: 19209951,19209951
rpoB.1	1	1	N361D	rpoB	Resistance: RIFAMPICIN. PMID: 19209951,19209951,19209951,19209951,19209951
rpoB.1	1	1	N361H	rpoB	Resistance: RIFAMPICIN. PMID: 19209951,19209951,19209951,19209951,19209951
rpoB.1	1	1	N361I	rpoB	Resistance: RIFAMPICIN. PMID: 19209951,19209951,19209951,19209951,19209951
rpoB.1	1	1	N361T	rpoB	Resistance: RIFAMPICIN. PMID: 19209951,19209951,19209951,19209951,19209951
rpoB.1	1	1	N361Y	rpoB	Resistance: RIFAMPICIN. PMID: 19209951,19209951,19209951,19209951,19209951
rpoB.1	1	1	N362K	rpoB	Resistance: RIFAMPICIN. PMID: 19209951
rpoB.1	1	1	L364L	rpoB	Resistance: RIFAMPICIN. PMID: 19209951,19209951,19209951
rpoB.1	1	1	L364M	rpoB	Resistance: RIFAMPICIN. PMID: 19209951,19209951,19209951
rpoB.1	1	1	L364P	rpoB	Resistance: RIFAMPICIN. PMID: 19209951,19209951,19209951
rpoB.1	1	1	S365L	rpoB	Resistance: RIFAMPICIN. PMID: 24731071,23561273;19864480;19209951,19864480;19209951
rpoB.1	1	1	S365Q	rpoB	Resistance: RIFAMPICIN. PMID: 24731071,23561273;19864480;19209951,19864480;19209951
rpoB.1	1	1	S365W	rpoB	Resistance: RIFAMPICIN. PMID: 24731071,23561273;19864480;19209951,19864480;19209951
rpoB.1	1	1	G366A	rpoB	Resistance: RIFAMPICIN. PMID: 19209951,19209951
rpoB.1	1	1	G366W	rpoB	Resistance: RIFAMPICIN. PMID: 19209951,19209951
rpoB.1	1	1	L367S	rpoB	Resistance: RIFAMPICIN. PMID: 19209951,19209951
rpoB.1	1	1	L367W	rpoB	Resistance: RIFAMPICIN. PMID: 19209951,19209951
rpoB.1	1	1	T368I	rpoB	Resistance: RIFAMPICIN. PMID: 19209951,19209951
rpoB.1	1	1	T368P	rpoB	Resistance: RIFAMPICIN. PMID: 19209951,19209951
rpoB.1	1	1	H369D	rpoB	Resistance: RIFAMPICIN. PMID: 24731071,24731071,23561273;24055765;Shi_et_al._2013;Wang_et_al._2013;22461677;19864480;Jin_et_al._2012;19209951,24055765;Shi_et_al._2013;Wang_et_al._2013;22461677;19864480;Jin_et_al._2012;19209951,24731071;23561273;22461677;19864480;19209951,19864480;19209951,Shi_et_al._2013;Wang_et_al._2013;22461677;19864480;19209951,23561273;23995137;19209951
rpoB.1	1	1	H369F	rpoB	Resistance: RIFAMPICIN. PMID: 24731071,24731071,23561273;24055765;Shi_et_al._2013;Wang_et_al._2013;22461677;19864480;Jin_et_al._2012;19209951,24055765;Shi_et_al._2013;Wang_et_al._2013;22461677;19864480;Jin_et_al._2012;19209951,24731071;23561273;22461677;19864480;19209951,19864480;19209951,Shi_et_al._2013;Wang_et_al._2013;22461677;19864480;19209951,23561273;23995137;19209951
rpoB.1	1	1	H369G	rpoB	Resistance: RIFAMPICIN. PMID: 24731071,24731071,23561273;24055765;Shi_et_al._2013;Wang_et_al._2013;22461677;19864480;Jin_et_al._2012;19209951,24055765;Shi_et_al._2013;Wang_et_al._2013;22461677;19864480;Jin_et_al._2012;19209951,24731071;23561273;22461677;19864480;19209951,19864480;19209951,Shi_et_al._2013;Wang_et_al._2013;22461677;19864480;19209951,23561273;23995137;19209951
rpoB.1	1	1	H369L	rpoB	Resistance: RIFAMPICIN. PMID: 24731071,24731071,23561273;24055765;Shi_et_al._2013;Wang_et_al._2013;22461677;19864480;Jin_et_al._2012;19209951,24055765;Shi_et_al._2013;Wang_et_al._2013;22461677;19864480;Jin_et_al._2012;19209951,24731071;23561273;22461677;19864480;19209951,19864480;19209951,Shi_et_al._2013;Wang_et_al._2013;22461677;19864480;19209951,23561273;23995137;19209951
rpoB.1	1	1	H369P	rpoB	Resistance: RIFAMPICIN. PMID: 24731071,24731071,23561273;24055765;Shi_et_al._2013;Wang_et_al._2013;22461677;19864480;Jin_et_al._2012;19209951,24055765;Shi_et_al._2013;Wang_et_al._2013;22461677;19864480;Jin_et_al._2012;19209951,24731071;23561273;22461677;19864480;19209951,19864480;19209951,Shi_et_al._2013;Wang_et_al._2013;22461677;19864480;19209951,23561273;23995137;19209951
rpoB.1	1	1	H369Q	rpoB	Resistance: RIFAMPICIN. PMID: 24731071,24731071,23561273;24055765;Shi_et_al._2013;Wang_et_al._2013;22461677;19864480;Jin_et_al._2012;19209951,24055765;Shi_et_al._2013;Wang_et_al._2013;22461677;19864480;Jin_et_al._2012;19209951,24731071;23561273;22461677;19864480;19209951,19864480;19209951,Shi_et_al._2013;Wang_et_al._2013;22461677;19864480;19209951,23561273;23995137;19209951
rpoB.1	1	1	H369R	rpoB	Resistance: RIFAMPICIN. PMID: 24731071,24731071,23561273;24055765;Shi_et_al._2013;Wang_et_al._2013;22461677;19864480;Jin_et_al._2012;19209951,24055765;Shi_et_al._2013;Wang_et_al._2013;22461677;19864480;Jin_et_al._2012;19209951,24731071;23561273;22461677;19864480;19209951,19864480;19209951,Shi_et_al._2013;Wang_et_al._2013;22461677;19864480;19209951,23561273;23995137;19209951
rpoB.1	1	1	H369Y	rpoB	Resistance: RIFAMPICIN. PMID: 24731071,24731071,23561273;24055765;Shi_et_al._2013;Wang_et_al._2013;22461677;19864480;Jin_et_al._2012;19209951,24055765;Shi_et_al._2013;Wang_et_al._2013;22461677;19864480;Jin_et_al._2012;19209951,24731071;23561273;22461677;19864480;19209951,19864480;19209951,Shi_et_al._2013;Wang_et_al._2013;22461677;19864480;19209951,23561273;23995137;19209951
rpoB.1	1	1	K370N	rpoB	Resistance: RIFAMPICIN. PMID: 19209951,19209951
rpoB.1	1	1	K370Q	rpoB	Resistance: RIFAMPICIN. PMID: 19209951,19209951
rpoB.1	1	1	R371H	rpoB	Resistance: RIFAMPICIN. PMID: 24731071;19209951,19209951
rpoB.1	1	1	R371P	rpoB	Resistance: RIFAMPICIN. PMID: 24731071;19209951,19209951
rpoB.1	1	1	S374F	rpoB	Resistance: RIFAMPICIN. PMID: 24731071,23561273;23995137;24055765;Shi_et_al._2013;Wang_et_al._2013;22461677;19864480;Jin_et_al._2012;19209951,22461677;19864480;19209951,24731071,24731071
rpoB.1	1	1	S374L	rpoB	Resistance: RIFAMPICIN. PMID: 24731071,23561273;23995137;24055765;Shi_et_al._2013;Wang_et_al._2013;22461677;19864480;Jin_et_al._2012;19209951,22461677;19864480;19209951,24731071,24731071
rpoB.1	1	1	S374Q	rpoB	Resistance: RIFAMPICIN. PMID: 24731071,23561273;23995137;24055765;Shi_et_al._2013;Wang_et_al._2013;22461677;19864480;Jin_et_al._2012;19209951,22461677;19864480;19209951,24731071,24731071
rpoB.1	1	1	S374W	rpoB	Resistance: RIFAMPICIN. PMID: 24731071,23561273;23995137;24055765;Shi_et_al._2013;Wang_et_al._2013;22461677;19864480;Jin_et_al._2012;19209951,22461677;19864480;19209951,24731071,24731071
rpoB.1	1	1	S374Y	rpoB	Resistance: RIFAMPICIN. PMID: 24731071,23561273;23995137;24055765;Shi_et_al._2013;Wang_et_al._2013;22461677;19864480;Jin_et_al._2012;19209951,22461677;19864480;19209951,24731071,24731071
rpoB.1	1	1	L376P	rpoB	Resistance: RIFAMPICIN. PMID: 24731071;23561273;22461677;19864480;19209951
rpoB.1	1	1	P378H	rpoB	Resistance: RIFAMPICIN. PMID: 19209951,19209951,23561273;22461677,22461677
rpoB.1	1	1	P378L	rpoB	Resistance: RIFAMPICIN. PMID: 19209951,19209951,23561273;22461677,22461677
rpoB.1	1	1	P378R	rpoB	Resistance: RIFAMPICIN. PMID: 19209951,19209951,23561273;22461677,22461677
rpoB.1	1	1	P378S	rpoB	Resistance: RIFAMPICIN. PMID: 19209951,19209951,23561273;22461677,22461677
rpoB.1	1	1	L381P	rpoB	Resistance: RIFAMPICIN. PMID: 19209951
rpoB.1	1	1	E384G	rpoB	Resistance: RIFAMPICIN. PMID: 19209951
rpoB.1	1	1	L388M	rpoB	Resistance: RIFAMPICIN. PMID: 19209951
rpoB.1	1	1	S396A	rpoB	Resistance: RIFAMPICIN. PMID: 19209951
rpoB.1	1	1	I404T	rpoB	Resistance: RIFAMPICIN. PMID: 23995137;19209951,19209951
rpoB.1	1	1	I404V	rpoB	Resistance: RIFAMPICIN. PMID: 23995137;19209951,19209951
rpoB.1	1	1	E405G	rpoB	Resistance: RIFAMPICIN. PMID: 19209951
rpoB.1	1	1	T406P	rpoB	Resistance: RIFAMPICIN. PMID: 23561273
rpoB.1	1	1	P407L	rpoB	Resistance: RIFAMPICIN. PMID: 19209951
rpoB.1	1	1	L414V	rpoB	Resistance: RIFAMPICIN. PMID: 19209951
rpoB.1	1	1	I415F	rpoB	Resistance: RIFAMPICIN. PMID: 24055765;19209951
rpoB.1	1	1	S417L	rpoB	Resistance: RIFAMPICIN. PMID: 19209951
rpoB.1	1	1	R476C	rpoB	Resistance: RIFAMPICIN. PMID: 19209951
rpoB.1	1	1	E516D	rpoB	Resistance: RIFAMPICIN. PMID: 24731071
rpoB.1	1	1	L655P	rpoB	Resistance: RIFAMPICIN. PMID: 29358649
rpoB.1	1	1	E685D	rpoB	Resistance: RIFAMPICIN. PMID: 23995137
rpoC.1	1	1	G332R	rpoC	Resistance: RIFAMPICIN. PMID: 23995137
rpoC.1	1	1	N416S	rpoC	Resistance: RIFAMPICIN. PMID: 29358649
rpoC.1	1	1	F452S	rpoC	Resistance: RIFAMPICIN. PMID: 23995137
rpoC.1	1	1	V483A	rpoC	Resistance: RIFAMPICIN. PMID: 29358649
rpoC.1	1	1	V483G	rpoC	Resistance: RIFAMPICIN. PMID: 29358649
rpoC.1	1	1	W484G	rpoC	Resistance: RIFAMPICIN. PMID: 29358649
rpoC.1	1	1	D485N	rpoC	Resistance: RIFAMPICIN. PMID: 23995137
rpoC.1	1	1	I491T	rpoC	Resistance: RIFAMPICIN. PMID: 23995137
rpoC.1	1	1	I491V	rpoC	Resistance: RIFAMPICIN. PMID: 29358649
rpoC.1	1	1	L516P	rpoC	Resistance: RIFAMPICIN. PMID: 29358649
rpoC.1	1	1	L527V	rpoC	Resistance: RIFAMPICIN. PMID: 23995137
rpoC.1	1	1	N698S	rpoC	Resistance: RIFAMPICIN. PMID: 29358649
rpoC.1	1	1	D735N	rpoC	Resistance: RIFAMPICIN. PMID: 23995137
rpoC.1	1	1	D747A	rpoC	Resistance: RIFAMPICIN. PMID: 23995137
rpoC.1	1	1	I885V	rpoC	Resistance: RIFAMPICIN. PMID: 23995137
rpoC.1	1	1	P1040R	rpoC	Resistance: RIFAMPICIN. PMID: 29358649
rpoC.1	1	1	P1040S	rpoC	Resistance: RIFAMPICIN. PMID: 29358649
rpoC.1	1	1	K1152Q	rpoC	Resistance: RIFAMPICIN. PMID: 29358649
rpoC.1	1	1	V1252L	rpoC	Resistance: RIFAMPICIN. PMID: 29358649
rpsA.1	1	1	E433D	rpsA	Resistance: PYRAZINAMIDE. PMID: 24131688
rpsA.1	1	1	R474L	rpsA	Resistance: PYRAZINAMIDE. PMID: 24131688,24131688
rpsA.1	1	1	R474W	rpsA	Resistance: PYRAZINAMIDE. PMID: 24131688,24131688
rpsL.1	1	1	R9H	rpsL	Resistance: STREPTOMYCIN. PMID: 19209951
rpsL.1	1	1	T40I	rpsL	Resistance: STREPTOMYCIN. PMID: 19209951
rpsL.1	1	1	T41S	rpsL	Resistance: STREPTOMYCIN. PMID: 19209951
rpsL.1	1	1	K43R	rpsL	Resistance: STREPTOMYCIN. PMID: 19209951,23561273;23906937;19209951
rpsL.1	1	1	K43T	rpsL	Resistance: STREPTOMYCIN. PMID: 19209951,23561273;23906937;19209951
rpsL.1	1	1	K51N	rpsL	Resistance: STREPTOMYCIN. PMID: 19209951
rpsL.1	1	1	V52G	rpsL	Resistance: STREPTOMYCIN. PMID: 19209951
rpsL.1	1	1	G84V	rpsL	Resistance: STREPTOMYCIN. PMID: 19209951
rpsL.1	1	1	R86P	rpsL	Resistance: STREPTOMYCIN. PMID: 19209951,19209951
rpsL.1	1	1	R86W	rpsL	Resistance: STREPTOMYCIN. PMID: 19209951,19209951
rpsL.1	1	1	V87L	rpsL	Resistance: STREPTOMYCIN. PMID: 19209951
rpsL.1	1	1	K88M	rpsL	Resistance: STREPTOMYCIN. PMID: 23906937;19209951,19209951,23906937;19209951,23561273;23906937;19209951
rpsL.1	1	1	K88Q	rpsL	Resistance: STREPTOMYCIN. PMID: 23906937;19209951,19209951,23906937;19209951,23561273;23906937;19209951
rpsL.1	1	1	K88R	rpsL	Resistance: STREPTOMYCIN. PMID: 23906937;19209951,19209951,23906937;19209951,23561273;23906937;19209951
rpsL.1	1	1	K88T	rpsL	Resistance: STREPTOMYCIN. PMID: 23906937;19209951,19209951,23906937;19209951,23561273;23906937;19209951
rpsL.1	1	1	V93M	rpsL	Resistance: STREPTOMYCIN. PMID: 19209951
rrl.1	0	1	G2293T	rrl	Resistance: LINEZOLID. PMID: 18070973
rrl.1	0	1	G2808T	rrl	Resistance: LINEZOLID. PMID: 18070973
rrs.1	0	1	G133A	rrs	Resistance: STREPTOMYCIN. PMID: 19209951
rrs.1	0	1	G220C	rrs	Resistance: STREPTOMYCIN. PMID: 23561273;23906937
rrs.1	0	1	G370C	rrs	Resistance: STREPTOMYCIN. PMID: 19209951,19209951
rrs.1	0	1	G370T	rrs	Resistance: STREPTOMYCIN. PMID: 19209951,19209951
rrs.1	0	1	C405T	rrs	Resistance: STREPTOMYCIN. PMID: 19209951
rrs.1	0	1	C456T	rrs	Resistance: STREPTOMYCIN. PMID: 29358649
rrs.1	0	1	C456T	rrs	Resistance: STREPTOMYCIN. PMID: 19209951
rrs.1	0	1	A457C	rrs	Resistance: STREPTOMYCIN. PMID: 19209951,23561273;19209951
rrs.1	0	1	A457T	rrs	Resistance: STREPTOMYCIN. PMID: 19209951,23561273;19209951
rrs.1	0	1	A457T	rrs	Resistance: STREPTOMYCIN. PMID: 29358649
rrs.1	0	1	C459T	rrs	Resistance: STREPTOMYCIN. PMID: 23906937
rrs.1	0	1	C460T	rrs	Resistance: STREPTOMYCIN. PMID: 23561273;23995137;23906937;19209951
rrs.1	0	1	G571C	rrs	Resistance: STREPTOMYCIN. PMID: 19209951
rrs.1	0	1	C742T	rrs	Resistance: STREPTOMYCIN. PMID: 19209951
rrs.1	0	1	G831A	rrs	Resistance: STREPTOMYCIN. PMID: 19209951
rrs.1	0	1	C848A	rrs	Resistance: STREPTOMYCIN. PMID: 19209951,19209951
rrs.1	0	1	C848G	rrs	Resistance: STREPTOMYCIN. PMID: 19209951,19209951
rrs.1	0	1	A849G	rrs	Resistance: STREPTOMYCIN. PMID: 19209951
rrs.1	0	1	A850C	rrs	Resistance: STREPTOMYCIN. PMID: 23561273;23906937;19209951,19209951
rrs.1	0	1	A850T	rrs	Resistance: STREPTOMYCIN. PMID: 23561273;23906937;19209951,19209951
rrs.1	0	1	A851G	rrs	Resistance: STREPTOMYCIN. PMID: 19209951
rrs.1	0	1	G1101T	rrs	Resistance: AMIKACIN. PMID: 22479378
rrs.1	0	1	C1172T	rrs	Resistance: STREPTOMYCIN. PMID: 23561273;23906937
rrs.1	0	1	T1182C	rrs	Resistance: STREPTOMYCIN. PMID: 19209951
rrs.1	0	1	A1281C	rrs	Resistance: AMIKACIN. PMID: 22479378
rrs.1	0	1	A1344G	rrs	Resistance: AMIKACIN,CAPREOMYCIN,KANAMYCIN. PMID: 23561273;23995137;23288402;23705640;22461677;22479378;23166667;19209951;23906937
rrs.1	0	1	C1345A	rrs	Resistance: AMIKACIN,CAPREOMYCIN,KANAMYCIN. PMID: 23705640;19209951,23288402;23705640;22479378;19209951
rrs.1	0	1	C1345T	rrs	Resistance: STREPTOMYCIN. PMID: 23906937
rrs.1	0	1	C1345T	rrs	Resistance: AMIKACIN,CAPREOMYCIN,KANAMYCIN. PMID: 23705640;19209951,23288402;23705640;22479378;19209951
rrs.1	0	1	G1427T	rrs	Resistance: AMIKACIN,CAPREOMYCIN,KANAMYCIN,STREPTOMYCIN. PMID: 22479378;23166667;19209951;23906937
thyA.1	1	1	T22A	thyA	Resistance: Para-aminosalicyclic acid. PMID: Zhang_et_al._2014
thyA.1	1	1	Y36C	thyA	Resistance: Para-aminosalicyclic acid. PMID: Zhang_et_al._2014
thyA.1	1	1	H75N	thyA	Resistance: Para-aminosalicyclic acid. PMID: Zhang_et_al._2014
thyA.1	1	1	V77F	thyA	Resistance: Para-aminosalicyclic acid. PMID: Zhang_et_al._2014
thyA.1	1	1	W83C	thyA	Resistance: Para-aminosalicyclic acid. PMID: Zhang_et_al._2014,Zhang_et_al._2014
thyA.1	1	1	G91R	thyA	Resistance: Para-aminosalicyclic acid. PMID: Zhang_et_al._2014
thyA.1	1	1	W101R	thyA	Resistance: Para-aminosalicyclic acid. PMID: Zhang_et_al._2014
thyA.1	1	1	S105P	thyA	Resistance: Para-aminosalicyclic acid. PMID: Zhang_et_al._2014
thyA.1	1	1	R126Q	thyA	Resistance: Para-aminosalicyclic acid. PMID: Zhang_et_al._2014
thyA.1	1	1	F152V	thyA	Resistance: Para-aminosalicyclic acid. PMID: Zhang_et_al._2014
thyA.1	1	1	C161Y	thyA	Resistance: Para-aminosalicyclic acid. PMID: Zhang_et_al._2014
thyA.1	1	1	H207R	thyA	Resistance: Para-aminosalicyclic acid. PMID: Zhang_et_al._2014
thyA.1	1	1	R222G	thyA	Resistance: Para-aminosalicyclic acid. PMID: 19209951
thyA.1	1	1	P224L	thyA	Resistance: Para-aminosalicyclic acid. PMID: Zhang_et_al._2014
thyA.1	1	1	R235P	thyA	Resistance: Para-aminosalicyclic acid. PMID: Zhang_et_al._2014
thyX_promoter.1	0	1	C244T	thyX_promoter	Resistance: Para-aminosalicyclic acid. PMID: 29358649
tlyA.1	1	1	R14W	tlyA	Resistance: CAPREOMYCIN. PMID: 19209951
tlyA.1	1	1	A67E	tlyA	Resistance: CAPREOMYCIN. PMID: 19209951
tlyA.1	1	1	K69E	tlyA	Resistance: CAPREOMYCIN. PMID: 19209951
tlyA.1	1	1	A91E	tlyA	Resistance: CAPREOMYCIN. PMID: 19209951
tlyA.1	1	1	L118P	tlyA	Resistance: CAPREOMYCIN. PMID: 19209951
tlyA.1	1	1	V128E	tlyA	Resistance: CAPREOMYCIN. PMID: 19209951
tlyA.1	1	1	L150P	tlyA	Resistance: CAPREOMYCIN. PMID: 19209951
tlyA.1	1	1	P183L	tlyA	Resistance: CAPREOMYCIN. PMID: 19209951
tlyA.1	1	1	F185L	tlyA	Resistance: CAPREOMYCIN. PMID: 19209951
tlyA.1	1	1	N236K	tlyA	Resistance: CAPREOMYCIN. PMID: 19209951
tlyA.1	1	1	E238K	tlyA	Resistance: CAPREOMYCIN. PMID: 19209951
ubiA.1	1	1	V188A	ubiA	Resistance: ETHAMBUTOL. PMID: 29358649
ubiA.1	1	1	A249T	ubiA	Resistance: ETHAMBUTOL. PMID: 29358649
